participant_id	study	euler	rater_1	rater_3	rater_4	rater_5	rater_6	across_rater_average	qc_determination
sub-43606631	PNC	-50	1	1	1	1	1	1	Pass
sub-70214854	PNC	-79	1	1	1	1	1	1	Pass
sub-176129790	PNC	-93	1	1	1	1	1	1	Pass
sub-199547104	PNC	-80	1	1	1	1	1	1	Pass
sub-235478560	PNC	-168	1	1	1	1	1	1	Pass
sub-255089519	PNC	-185	1	1	1	1	1	1	Pass
sub-255246595	PNC	-59	1	1	1	1	1	1	Pass
sub-296947353	PNC	-82	1	1	1	1	1	1	Pass
sub-299894413	PNC	-153	1	1	1	1	1	1	Pass
sub-322458406	PNC	-99	1	1	1	1	1	1	Pass
sub-324718088	PNC	-100	1	1	1	1	1	1	Pass
sub-372100986	PNC	-111	1	1	1	0.75	1	0.95	Artifact
sub-375686109	PNC	-84	1	1	1	0.75	1	0.95	Artifact
sub-408837402	PNC	-97	1	1	1	1	1	1	Pass
sub-410808047	PNC	-266	0.5	1	0.75	0.5	0	0.55	Artifact
sub-451261789	PNC	-101	1	1	1	1	1	1	Pass
sub-482294424	PNC	-126	1	1	1	1	1	1	Pass
sub-500081009	PNC	-110	1	1	1	1	1	1	Pass
sub-578652819	PNC	-336	0.5	0.75	0.75	0.75	0.5	0.65	Artifact
sub-610158411	PNC	-122	1	1	1	1	1	1	Pass
sub-628144066	PNC	-47	1	1	1	1	1	1	Pass
sub-636218109	PNC	-175	1	1	1	1	1	1	Pass
sub-646773252	PNC	-67	1	1	1	1	1	1	Pass
sub-707016535	PNC	-129	1	1	1	1	1	1	Pass
sub-747098283	PNC	-307	0.75	0.5	0.5	0.5	0.5	0.55	Artifact
sub-826730657	PNC	-161	1	1	1	1	1	1	Pass
sub-835121147	PNC	-69	1	1	1	1	1	1	Pass
sub-864032752	PNC	-233	1	1	1	1	1	1	Pass
sub-868703738	PNC	-114	1	1	1	1	1	1	Pass
sub-894197507	PNC	-85	1	1	1	1	1	1	Pass
sub-894864165	PNC	-95	1	1	1	1	1	1	Pass
sub-911677944	PNC	-116	1	1	1	1	1	1	Pass
sub-981492397	PNC	-96	1	1	1	1	1	1	Pass
sub-1000881804	PNC	-123	1	1	1	1	1	1	Pass
sub-1006151876	PNC	-70	1	1	1	1	1	1	Pass
sub-1007995238	PNC	-73	1	1	1	1	1	1	Pass
sub-1017092387	PNC	-108	1	1	1	1	1	1	Pass
sub-1039797417	PNC	-482	0	0.25	0	0	0	0.05	Artifact
sub-1043634177	PNC	-255	1	1	1	1	1	1	Pass
sub-1065666069	PNC	-71	1	1	1	1	1	1	Pass
sub-1095340536	PNC	-108	1	1	1	0.75	1	0.95	Artifact
sub-1120521402	PNC	-149	1	1	1	1	1	1	Pass
sub-1161373229	PNC	-91	1	1	1	1	1	1	Pass
sub-1172262944	PNC	-72	1	1	1	1	1	1	Pass
sub-1204013299	PNC	-243	0.75	1	1	0.75	1	0.9	Artifact
sub-1413282375	PNC	-172	1	0.5	0.25	0.75	0.25	0.55	Artifact
sub-1440768299	PNC	-53	1	1	1	1	1	1	Pass
sub-1448081953	PNC	-68	1	1	1	1	1	1	Pass
sub-1485100276	PNC	-139	1	1	1	1	1	1	Pass
sub-1489422464	PNC	-146	1	1	1	1	1	1	Pass
sub-1510691965	PNC	-117	0.75	1	1	0.75	1	0.9	Artifact
sub-1531348005	PNC	-822	0	0	0.25	0.25	0	0.1	Artifact
sub-1569318720	PNC	-101	1	1	1	1	1	1	Pass
sub-1594198178	PNC	-73	1	1	1	1	1	1	Pass
sub-1612290284	PNC	-108	1	1	1	1	1	1	Pass
sub-1613166374	PNC	-140	1	1	1	1	1	1	Pass
sub-1654523276	PNC	-119	1	1	1	1	1	1	Pass
sub-1695950181	PNC	-98	1	1	1	1	1	1	Pass
sub-1711930631	PNC	-62	1	1	1	1	1	1	Pass
sub-1762102677	PNC	-153	1	1	1	1	1	1	Pass
sub-1764158413	PNC	-104	1	1	1	1	1	1	Pass
sub-1781205887	PNC	-115	1	1	1	1	1	1	Pass
sub-1794346030	PNC	-118	1	1	1	1	1	1	Pass
sub-1836756700	PNC	-92	1	1	1	1	1	1	Pass
sub-1838048191	PNC	-115	1	1	1	1	1	1	Pass
sub-1852377689	PNC	-77	1	1	1	1	1	1	Pass
sub-1857834970	PNC	-204	1	1	1	1	1	1	Pass
sub-1859900144	PNC	-111	1	1	1	1	1	1	Pass
sub-1861299663	PNC	-188	1	0.5	0.75	0.75	0.5	0.7	Artifact
sub-1871767977	PNC	-86	1	1	1	1	1	1	Pass
sub-1919055552	PNC	-130	1	1	1	1	1	1	Pass
sub-1930702369	PNC	-97	1	1	1	1	1	1	Pass
sub-1934623281	PNC	-134	1	1	1	1	0.75	0.95	Artifact
sub-1968175551	PNC	-128	1	1	1	1	1	1	Pass
sub-1998578790	PNC	-89	1	1	1	1	1	1	Pass
sub-2010454025	PNC	-150	1	1	1	1	1	1	Pass
sub-2017344284	PNC	-191	0.75	1	1	1	1	0.95	Artifact
sub-2051099070	PNC	-112	0.75	0.75	1	1	0.75	0.85	Artifact
sub-2087996196	PNC	-159	1	1	1	1	1	1	Pass
sub-2097242394	PNC	-96	1	1	1	1	1	1	Pass
sub-2180799847	PNC	-214	1	1	1	1	1	1	Pass
sub-2216595430	PNC	-136	1	1	1	1	1	1	Pass
sub-2271737742	PNC	-67	1	1	1	1	1	1	Pass
sub-2293300734	PNC	-127	1	1	1	1	1	1	Pass
sub-2298674157	PNC	-109	1	1	1	1	1	1	Pass
sub-2311827557	PNC	-120	1	1	1	1	1	1	Pass
sub-2321665294	PNC	-164	1	0.5	0.75	0.5	1	0.75	Artifact
sub-2333477346	PNC	-99	1	1	1	1	1	1	Pass
sub-2422512134	PNC	-75	1	1	1	1	1	1	Pass
sub-2433433960	PNC	-156	1	1	1	1	1	1	Pass
sub-2551635949	PNC	-100	1	1	1	1	1	1	Pass
sub-2555837927	PNC	-113	1	1	1	1	1	1	Pass
sub-2588125611	PNC	-141	1	1	1	1	1	1	Pass
sub-2604857252	PNC	-157	1	1	1	1	1	1	Pass
sub-2626581416	PNC	-45	1	1	1	1	1	1	Pass
sub-2647862856	PNC	-151	1	1	1	1	1	1	Pass
sub-2671429330	PNC	-62	1	1	1	1	1	1	Pass
sub-2710418039	PNC	-86	1	1	1	1	1	1	Pass
sub-2718945982	PNC	-107	1	1	1	1	1	1	Pass
sub-2719078954	PNC	-95	0.75	1	1	1	1	0.95	Artifact
sub-2733440164	PNC	-64	1	1	1	1	1	1	Pass
sub-2741286919	PNC	-121	1	1	1	1	1	1	Pass
sub-2896375520	PNC	-92	1	1	1	1	1	1	Pass
sub-2929280193	PNC	-147	1	1	1	1	1	1	Pass
sub-2947976933	PNC	-210	0.5	1	1	1	1	0.9	Artifact
sub-2978762615	PNC	-76	1	1	1	1	1	1	Pass
sub-2991801804	PNC	-94	1	1	1	1	1	1	Pass
sub-3030572467	PNC	-125	1	1	1	1	1	1	Pass
sub-3090659941	PNC	-132	1	1	1	1	1	1	Pass
sub-3092187032	PNC	-371	0.25	0.25	0.75	0.75	0.5	0.5	Artifact
sub-3103368139	PNC	-90	1	1	1	1	1	1	Pass
sub-3147576269	PNC	-182	1	1	1	1	1	1	Pass
sub-3150163478	PNC	-138	1	1	1	1	1	1	Pass
sub-3185171421	PNC	-80	1	1	1	1	1	1	Pass
sub-3207921706	PNC	-74	1	1	1	1	1	1	Pass
sub-3220670955	PNC	-81	1	1	1	1	1	1	Pass
sub-3225665554	PNC	-103	1	1	1	1	1	1	Pass
sub-3234586495	PNC	-199	1	1	1	1	1	1	Pass
sub-3249817543	PNC	-56	1	1	1	1	0.75	0.95	Artifact
sub-3289273628	PNC	-106	1	1	1	1	1	1	Pass
sub-3327313154	PNC	-135	1	1	1	1	1	1	Pass
sub-3349861642	PNC	-195	1	1	1	1	1	1	Pass
sub-3362293049	PNC	-123	1	1	1	1	1	1	Pass
sub-3410682651	PNC	-72	1	1	1	1	1	1	Pass
sub-3486713588	PNC	-444	0	0.25	0.75	0.5	0	0.3	Artifact
sub-3545637731	PNC	-63	1	1	1	1	1	1	Pass
sub-3567315418	PNC	-87	1	1	1	1	1	1	Pass
sub-3612049856	PNC	-78	1	1	1	1	1	1	Pass
sub-3620213387	PNC	-154	1	1	1	1	1	1	Pass
sub-3621702873	PNC	-88	1	1	1	1	1	1	Pass
sub-3671045126	PNC	-133	1	1	1	1	1	1	Pass
sub-3691492943	PNC	-143	1	1	1	1	1	1	Pass
sub-3732485344	PNC	-226	1	1	1	1	1	1	Pass
sub-3753452353	PNC	-89	1	1	1	1	1	1	Pass
sub-3753613715	PNC	-93	1	1	1	1	1	1	Pass
sub-3758103185	PNC	-145	1	1	1	1	1	1	Pass
sub-3800855923	PNC	-162	1	0.25	1	0.75	0.75	0.75	Artifact
sub-3807880204	PNC	-131	1	1	1	1	1	1	Pass
sub-3813030131	PNC	-138	1	1	1	1	1	1	Pass
sub-3831608525	PNC	-287	0.75	0.75	0.5	1	0.25	0.65	Artifact
sub-3836403514	PNC	-88	1	1	1	1	1	1	Pass
sub-3870702454	PNC	-102	1	1	1	1	1	1	Pass
sub-3906575236	PNC	-144	1	1	1	1	1	1	Pass
sub-3909015218	PNC	-121	1	1	1	1	1	1	Pass
sub-3923883359	PNC	-83	1	1	1	1	1	1	Pass
sub-3932933674	PNC	-57	1	1	1	1	1	1	Pass
sub-3995554858	PNC	-165	1	1	1	1	1	1	Pass
sub-4040716945	PNC	-104	1	1	1	1	1	1	Pass
sub-4069824072	PNC	-111	0.75	1	1	1	1	0.95	Artifact
sub-4090691856	PNC	-127	1	1	1	1	1	1	Pass
sub-4099541746	PNC	-65	1	1	1	0.75	1	0.95	Artifact
sub-4144391965	PNC	-90	1	1	1	1	1	1	Pass
sub-4187598678	PNC	-74	1	1	1	1	1	1	Pass
sub-4190952364	PNC	-77	1	1	1	1	1	1	Pass
sub-4264683889	PNC	-178	1	1	1	1	1	1	Pass
sub-1057423710	PNC	-74	1	1	1	1	1	1	Pass
sub-1164794273	PNC	-115	1	1	1	1	1	1	Pass
sub-1190308761	PNC	-58	1	1	1	1	1	1	Pass
sub-1222330281	PNC	-109	1	1	1	1	1	1	Pass
sub-1236117854	PNC	-186	1	1	1	1	1	1	Pass
sub-1238240598	PNC	-88	1	1	1	1	1	1	Pass
sub-1238756309	PNC	-61	1	1	1	1	1	1	Pass
sub-1248515966	PNC	-103	1	1	1	1	1	1	Pass
sub-1332795634	PNC	-131	1	1	1	1	1	1	Pass
sub-134279804	PNC	-92	1	1	1	1	1	1	Pass
sub-1351409340	PNC	-148	1	1	1	1	1	1	Pass
sub-1391684772	PNC	-212	1	1	1	1	1	1	Pass
sub-1400509715	PNC	-189	1	1	1	1	1	1	Pass
sub-1446589628	PNC	-196	1	1	1	1	1	1	Pass
sub-1512440794	PNC	-156	1	1	1	1	1	1	Pass
sub-1512563087	PNC	-149	1	1	1	1	1	1	Pass
sub-1547584703	PNC	-81	1	1	1	1	1	1	Pass
sub-1560233178	PNC	-152	1	1	1	1	1	1	Pass
sub-1579351358	PNC	-118	1	1	1	1	1	1	Pass
sub-1630775946	PNC	-125	1	1	1	1	1	1	Pass
sub-1653206368	PNC	-113	1	1	1	1	1	1	Pass
sub-1654119012	PNC	-104	1	1	1	1	1	1	Pass
sub-1697787695	PNC	-119	1	1	1	1	1	1	Pass
sub-1743802575	PNC	-114	1	1	1	1	1	1	Pass
sub-1770415263	PNC	-99	1	1	1	1	1	1	Pass
sub-1779232530	PNC	-183	1	1	1	1	1	1	Pass
sub-1790488894	PNC	-96	1	1	1	1	1	1	Pass
sub-1822850038	PNC	-97	1	1	1	1	1	1	Pass
sub-1830789740	PNC	-63	1	1	1	1	1	1	Pass
sub-1832999514	PNC	-75	1	1	1	1	1	1	Pass
sub-189913356	PNC	-591	0.25	0.5	0.5	0.5	0	0.35	Artifact
sub-1901159589	PNC	-155	1	1	1	1	1	1	Pass
sub-1922557027	PNC	-219	1	1	1	1	1	1	Pass
sub-1924569075	PNC	-146	1	1	1	1	1	1	Pass
sub-1939119029	PNC	-100	1	1	1	1	1	1	Pass
sub-198051119	PNC	-40	1	1	1	1	1	1	Pass
sub-2001714085	PNC	-164	1	1	1	1	1	1	Pass
sub-2002122030	PNC	-173	1	1	1	1	1	1	Pass
sub-2047559103	PNC	-56	1	1	1	1	1	1	Pass
sub-2057058534	PNC	-73	1	1	1	1	1	1	Pass
sub-2060298621	PNC	-71	1	1	1	1	1	1	Pass
sub-2108937486	PNC	-97	1	1	1	1	1	1	Pass
sub-2110496117	PNC	-83	1	1	1	1	1	1	Pass
sub-2171240541	PNC	-46	1	1	1	1	1	1	Pass
sub-2209414761	PNC	-401	0.5	0.25	0.5	0.5	0	0.35	Artifact
sub-2215153516	PNC	-84	1	1	1	1	1	1	Pass
sub-2225237681	PNC	-79	1	1	1	1	1	1	Pass
sub-2240703148	PNC	-95	1	1	1	1	1	1	Pass
sub-225017631	PNC	-142	1	1	1	1	1	1	Pass
sub-2256834144	PNC	-52	1	1	1	1	1	1	Pass
sub-2285120424	PNC	-90	1	1	1	1	1	1	Pass
sub-2305221381	PNC	-67	1	1	1	1	1	1	Pass
sub-2355359789	PNC	-127	1	1	1	1	1	1	Pass
sub-2394345225	PNC	-105	1	0.75	1	1	1	0.95	Artifact
sub-2423596559	PNC	-66	1	0.75	1	1	1	0.95	Artifact
sub-2442304782	PNC	-68	1	1	1	1	1	1	Pass
sub-2508284118	PNC	-82	1	1	1	1	1	1	Pass
sub-2588900615	PNC	-64	1	1	1	1	1	1	Pass
sub-2593612027	PNC	-48	1	1	1	1	1	1	Pass
sub-263354790	PNC	-78	1	1	1	1	1	1	Pass
sub-2649991749	PNC	-117	1	1	1	1	1	1	Pass
sub-2694518755	PNC	-344	1	0.75	0.75	1	0.75	0.85	Artifact
sub-2710058273	PNC	-73	1	1	1	1	1	1	Pass
sub-2714001943	PNC	-86	1	1	1	1	1	1	Pass
sub-2748158536	PNC	-114	1	1	1	1	1	1	Pass
sub-2748427955	PNC	-141	1	1	1	1	1	1	Pass
sub-2763114922	PNC	-89	1	1	1	1	1	1	Pass
sub-2776193382	PNC	-111	1	1	1	1	1	1	Pass
sub-2788528349	PNC	-78	1	1	1	1	1	1	Pass
sub-2788824854	PNC	-111	1	1	1	1	1	1	Pass
sub-2791617373	PNC	-124	1	1	1	1	1	1	Pass
sub-2799972108	PNC	-138	1	1	1	1	1	1	Pass
sub-2822781649	PNC	-107	1	1	1	1	1	1	Pass
sub-2852081635	PNC	-144	1	1	1	1	1	1	Pass
sub-2876352000	PNC	-107	1	1	1	1	1	1	Pass
sub-2885180167	PNC	-77	1	1	1	1	1	1	Pass
sub-2905849066	PNC	-181	1	1	1	1	1	1	Pass
sub-2928085046	PNC	-209	1	1	1	1	1	1	Pass
sub-2932569616	PNC	-98	1	1	1	1	1	1	Pass
sub-2934644075	PNC	-120	1	1	1	1	1	1	Pass
sub-2967555571	PNC	-85	1	1	1	1	1	1	Pass
sub-2990984557	PNC	-101	1	1	1	1	1	1	Pass
sub-3029167955	PNC	-102	1	1	1	1	1	1	Pass
sub-3055237322	PNC	-136	1	1	1	1	1	1	Pass
sub-307169010	PNC	-122	1	1	1	1	1	1	Pass
sub-3076915122	PNC	-71	1	1	1	1	1	1	Pass
sub-3082686752	PNC	-143	1	1	1	1	1	1	Pass
sub-3138616935	PNC	-82	1	1	1	1	1	1	Pass
sub-3182049011	PNC	-123	1	1	1	1	1	1	Pass
sub-3190862186	PNC	-231	1	1	1	1	0.5	0.9	Artifact
sub-3213518740	PNC	-258	1	1	1	1	1	1	Pass
sub-3221434093	PNC	-112	1	1	1	1	1	1	Pass
sub-3247943782	PNC	-139	1	1	1	1	1	1	Pass
sub-3262225790	PNC	-103	1	1	1	1	1	1	Pass
sub-3346511370	PNC	-161	1	0.75	1	1	1	0.95	Artifact
sub-3370689672	PNC	-90	1	1	1	1	1	1	Pass
sub-3381441522	PNC	-166	1	1	1	1	1	1	Pass
sub-3410668296	PNC	-170	1	1	1	1	1	1	Pass
sub-3443950251	PNC	-74	1	1	1	1	1	1	Pass
sub-3451752350	PNC	-135	1	1	1	1	1	1	Pass
sub-3497670658	PNC	-80	1	1	1	1	1	1	Pass
sub-3506213723	PNC	-91	1	1	1	1	1	1	Pass
sub-3569165538	PNC	-62	1	1	1	1	1	1	Pass
sub-3637736036	PNC	-456	0	0	0	0.25	0	0.05	Artifact
sub-3675176980	PNC	-151	1	1	1	1	1	1	Pass
sub-3703469018	PNC	-139	1	1	1	1	1	1	Pass
sub-3706183788	PNC	-91	1	1	1	1	1	1	Pass
sub-3747270459	PNC	-163	1	1	1	1	1	1	Pass
sub-3749102689	PNC	-65	1	1	1	1	1	1	Pass
sub-3761349403	PNC	-108	1	1	1	1	1	1	Pass
sub-3816691265	PNC	-160	1	1	1	1	1	1	Pass
sub-3822559318	PNC	-108	1	1	1	1	1	1	Pass
sub-3867546625	PNC	-145	1	1	1	1	1	1	Pass
sub-3876784770	PNC	-131	1	1	1	1	1	1	Pass
sub-3885398873	PNC	-72	1	1	1	1	1	1	Pass
sub-3891810238	PNC	-202	1	1	1	1	1	1	Pass
sub-3914722336	PNC	-128	1	1	1	1	1	1	Pass
sub-3925565817	PNC	-76	1	1	1	1	1	1	Pass
sub-3931956861	PNC	-133	1	1	1	1	1	1	Pass
sub-396928608	PNC	-110	1	1	1	1	1	1	Pass
sub-3985888022	PNC	-121	1	1	1	1	1	1	Pass
sub-4006534625	PNC	-153	1	1	1	1	1	1	Pass
sub-4040147816	PNC	-120	1	1	1	1	1	1	Pass
sub-405373926	PNC	-137	1	1	1	1	1	1	Pass
sub-4065001465	PNC	-88	1	1	1	1	1	1	Pass
sub-4066124203	PNC	-54	1	1	1	1	1	1	Pass
sub-413107749	PNC	-123	1	1	1	1	1	1	Pass
sub-4160502168	PNC	-126	1	1	1	1	1	1	Pass
sub-4172833860	PNC	-100	1	1	1	1	1	1	Pass
sub-4196412787	PNC	-154	1	1	1	1	1	1	Pass
sub-4216533717	PNC	-95	1	1	1	1	1	1	Pass
sub-4239005932	PNC	-109	1	1	1	1	1	1	Pass
sub-4268231041	PNC	-158	1	1	1	1	1	1	Pass
sub-4284367721	PNC	-92	1	1	1	1	1	1	Pass
sub-432187454	PNC	-89	1	1	1	1	1	1	Pass
sub-462702505	PNC	-317	1	0.5	1	1	1	0.9	Artifact
sub-465465726	PNC	-192	1	1	1	1	1	1	Pass
sub-481928384	PNC	-76	1	1	1	1	1	1	Pass
sub-486306438	PNC	-87	1	1	1	1	1	1	Pass
sub-49408975	PNC	-115	1	1	1	1	1	1	Pass
sub-510706202	PNC	-101	1	1	1	1	1	1	Pass
sub-537502840	PNC	-69	1	1	1	1	1	1	Pass
sub-574930953	PNC	-102	1	1	1	1	1	1	Pass
sub-583203611	PNC	-94	1	1	1	1	1	1	Pass
sub-624155263	PNC	-177	1	1	1	1	0.75	0.95	Artifact
sub-628391776	PNC	-70	1	1	1	1	1	1	Pass
sub-662466380	PNC	-95	1	1	1	1	1	1	Pass
sub-706517651	PNC	-130	1	1	1	1	1	1	Pass
sub-71851847	PNC	-99	1	1	1	1	1	1	Pass
sub-725712542	PNC	-93	1	1	1	1	1	1	Pass
sub-762034957	PNC	-134	1	1	1	1	1	1	Pass
sub-893070403	PNC	-129	1	1	1	1	1	1	Pass
sub-903529086	PNC	-293	1	1	1	1	1	1	Pass
sub-964422005	PNC	-276	1	1	1	1	1	1	Pass
sub-978955855	PNC	-239	1	1	1	1	1	1	Pass
sub-100527940	PNC	-317	1	1				1	Pass
sub-1011497669	PNC	-144	1	1				1	Pass
sub-1030193285	PNC	-95	1	1				1	Pass
sub-1060532313	PNC	-64	1	1				1	Pass
sub-1068261111	PNC	-50	1	1				1	Pass
sub-1070737504	PNC	-72	1	1				1	Pass
sub-1076565274	PNC	-138	1	1				1	Pass
sub-1081730904	PNC	-109	1	1				1	Pass
sub-1084225445	PNC	-111	1	1				1	Pass
sub-1088695522	PNC	-89	1	1				1	Pass
sub-1120275692	PNC	-61	1	1				1	Pass
sub-1137076695	PNC	-108	1	1				1	Pass
sub-1145936325	PNC	-184	1	0.75				0.875	Artifact
sub-1169616649	PNC	-168	1	1				1	Pass
sub-1177503761	PNC	-79	1	1				1	Pass
sub-1196527465	PNC	-111	1	1				1	Pass
sub-1197045954	PNC	-254	1	1				1	Pass
sub-1204359507	PNC	-118	1	1				1	Pass
sub-121697273	PNC	-99	1	1				1	Pass
sub-1220374725	PNC	-97	1	1				1	Pass
sub-1228891697	PNC	-92	1	1				1	Pass
sub-1293529777	PNC	-165	1	1				1	Pass
sub-1317462	PNC	-64	1	1				1	Pass
sub-1334116930	PNC	-71	1	1				1	Pass
sub-1342685465	PNC	-73	1	1				1	Pass
sub-1382465428	PNC	-90	1	1				1	Pass
sub-138434806	PNC	-153	1	1				1	Pass
sub-1384982728	PNC	-120	1	1				1	Pass
sub-1386561348	PNC	-127	1	1				1	Pass
sub-1394077291	PNC	-140	1	1				1	Pass
sub-1402618672	PNC	-242	1	1				1	Pass
sub-1453109530	PNC	-119	1	1				1	Pass
sub-1466472141	PNC	-78	1	1				1	Pass
sub-1467713509	PNC	-112	1	1				1	Pass
sub-1479578650	PNC	-71	1	1				1	Pass
sub-1481550494	PNC	-65	1	1				1	Pass
sub-1485727346	PNC	-88	1	1				1	Pass
sub-1494969836	PNC	-68	1	1				1	Pass
sub-1497934968	PNC	-138	1	1				1	Pass
sub-1502224855	PNC	-777	0	0				0	Fail
sub-1506723543	PNC	-100	1	1				1	Pass
sub-1513736265	PNC	-106	1	1				1	Pass
sub-1525589082	PNC	-230	1	1				1	Pass
sub-1547321683	PNC	-183	1	1				1	Pass
sub-1569761975	PNC	-113	1	1				1	Pass
sub-1580563603	PNC	-143	1	1				1	Pass
sub-1585331466	PNC	-111	1	1				1	Pass
sub-158779019	PNC	-77	1	1				1	Pass
sub-1593612444	PNC	-151	1	1				1	Pass
sub-1616242378	PNC	-123	1	1				1	Pass
sub-1630871538	PNC	-163	1	1				1	Pass
sub-1645871327	PNC	-74	1	1				1	Pass
sub-1649501759	PNC	-361	1	0.75				0.875	Artifact
sub-1660839245	PNC	-211	1	1				1	Pass
sub-1687315516	PNC	-239	1	1				1	Pass
sub-1705895007	PNC	-85	1	1				1	Pass
sub-1730231179	PNC	-101	1	1				1	Pass
sub-1735315447	PNC	-214	1	1				1	Pass
sub-1773584299	PNC	-161	1	1				1	Pass
sub-1778227059	PNC	-143	1	1				1	Pass
sub-177928631	PNC	-111	1	1				1	Pass
sub-1781775187	PNC	-109	1	1				1	Pass
sub-1782265789	PNC	-114	1	1				1	Pass
sub-1785444398	PNC	-70	1	1				1	Pass
sub-1786222403	PNC	-155	1	1				1	Pass
sub-1794800030	PNC	-140	0.5	1				0.75	Artifact
sub-1804310687	PNC	-104	1	1				1	Pass
sub-1814037649	PNC	-86	1	1				1	Pass
sub-1828951258	PNC	-78	1	1				1	Pass
sub-1858784998	PNC	-80	1	1				1	Pass
sub-1861767482	PNC	-45	1	1				1	Pass
sub-1885577882	PNC	-218	0.5	0.75				0.625	Artifact
sub-1887252222	PNC	-136	1	1				1	Pass
sub-1890822437	PNC	-157	1	1				1	Pass
sub-1896354997	PNC	-95	1	1				1	Pass
sub-190100766	PNC	-89	1	1				1	Pass
sub-1904270196	PNC	-130	1	1				1	Pass
sub-1908390739	PNC	-103	1	1				1	Pass
sub-1915723430	PNC	-90	1	1				1	Pass
sub-1977306864	PNC	-188	1	1				1	Pass
sub-1991567562	PNC	-114	1	1				1	Pass
sub-2022868892	PNC	-154	1	1				1	Pass
sub-2033463791	PNC	-98	1	1				1	Pass
sub-2047595784	PNC	-96	1	1				1	Pass
sub-2070099435	PNC	-128	1	1				1	Pass
sub-2074348568	PNC	-282	1	1				1	Pass
sub-2146308400	PNC	-131	1	1				1	Pass
sub-2170759229	PNC	-77	1	1				1	Pass
sub-2175309663	PNC	-175	1	1				1	Pass
sub-2180316189	PNC	-145	1	1				1	Pass
sub-2180976537	PNC	-87	1	1				1	Pass
sub-2182362214	PNC	-82	1	1				1	Pass
sub-2184988827	PNC	-74	1	1				1	Pass
sub-2200670875	PNC	-111	1	1				1	Pass
sub-2222241318	PNC	-67	1	1				1	Pass
sub-2240499373	PNC	-112	1	1				1	Pass
sub-2258551019	PNC	-456	0	0.25				0.125	Artifact
sub-2263443077	PNC	-110	1	1				1	Pass
sub-228519096	PNC	-332	0.75	1				0.875	Artifact
sub-2286509730	PNC	-393	0.75	0.5				0.625	Artifact
sub-2292204095	PNC	-48	1	1				1	Pass
sub-2305446143	PNC	-98	1	1				1	Pass
sub-2312088658	PNC	-76	1	1				1	Pass
sub-2333937949	PNC	-152	1	1				1	Pass
sub-2338019591	PNC	-57	1	1				1	Pass
sub-233932345	PNC	-166	1	1				1	Pass
sub-2344269626	PNC	-108	1	1				1	Pass
sub-2367528097	PNC	-136	1	1				1	Pass
sub-2390107820	PNC	-164	1	1				1	Pass
sub-2397937510	PNC	-94	1	1				1	Pass
sub-2403464508	PNC	-189	1	1				1	Pass
sub-2408914693	PNC	-76	1	1				1	Pass
sub-2413176236	PNC	-55	1	1				1	Pass
sub-2420532406	PNC	-131	1	1				1	Pass
sub-2424990755	PNC	-80	1	1				1	Pass
sub-2425606479	PNC	-109	1	1				1	Pass
sub-2428446542	PNC	-173	1	1				1	Pass
sub-2449123338	PNC	-79	1	1				1	Pass
sub-2464767924	PNC	-75	1	1				1	Pass
sub-2465300344	PNC	-70	1	1				1	Pass
sub-2470886822	PNC	-134	1	1				1	Pass
sub-2485879167	PNC	-148	1	0.75				0.875	Artifact
sub-250211156	PNC	-155	1	1				1	Pass
sub-2507776631	PNC	-70	1	1				1	Pass
sub-254383703	PNC	-176	1	1				1	Pass
sub-2585124211	PNC	-82	1	1				1	Pass
sub-2586296094	PNC	-152	1	1				1	Pass
sub-2625808132	PNC	-225	1	1				1	Pass
sub-2664902924	PNC	-442	0.25	0.25				0.25	Artifact
sub-2688141773	PNC	-83	1	1				1	Pass
sub-2691009321	PNC	-127	1	1				1	Pass
sub-2718695342	PNC	-473	0.5	0.5				0.5	Artifact
sub-2739925272	PNC	-141	1	1				1	Pass
sub-2758144993	PNC	-90	1	1				1	Pass
sub-2762202970	PNC	-99	1	1				1	Pass
sub-2762662297	PNC	-186	1	1				1	Pass
sub-2780566236	PNC	-108	1	1				1	Pass
sub-2824066679	PNC	-95	1	1				1	Pass
sub-2824389829	PNC	-182	1	1				1	Pass
sub-2828263690	PNC	-59	1	1				1	Pass
sub-2830121192	PNC	-134	1	1				1	Pass
sub-2842709105	PNC	-119	1	1				1	Pass
sub-2860715826	PNC	-82	1	1				1	Pass
sub-2877714252	PNC	-156	1	1				1	Pass
sub-2884173160	PNC	-146	1	1				1	Pass
sub-2906925573	PNC	-207	1	1				1	Pass
sub-292946269	PNC	-100	1	1				1	Pass
sub-2939120682	PNC	-106	1	1				1	Pass
sub-2939479952	PNC	-100	1	1				1	Pass
sub-2970389523	PNC	-73	1	1				1	Pass
sub-2996472019	PNC	-108	1	1				1	Pass
sub-300988508	PNC	-158	1	1				1	Pass
sub-3010264843	PNC	-99	1	1				1	Pass
sub-3014879953	PNC	-92	1	1				1	Pass
sub-3016118416	PNC	-80	1	1				1	Pass
sub-3039910629	PNC	-158	1	1				1	Pass
sub-3043294809	PNC	-101	1	1				1	Pass
sub-306816217	PNC	-72	1	1				1	Pass
sub-3081556774	PNC	-123	1	1				1	Pass
sub-3093541482	PNC	-343	0	0				0	Fail
sub-3095311898	PNC	-102	1	1				1	Pass
sub-3109977781	PNC	-122	1	1				1	Pass
sub-3117043986	PNC	-63	1	1				1	Pass
sub-3117409134	PNC	-97	1	1				1	Pass
sub-3123810007	PNC	-129	1	1				1	Pass
sub-3148192122	PNC	-199	1	1				1	Pass
sub-316324995	PNC	-69	1	1				1	Pass
sub-3170512105	PNC	-149	1	1				1	Pass
sub-3176914833	PNC	-256	0	0				0	Fail
sub-3177113419	PNC	-56	1	1				1	Pass
sub-3194237272	PNC	-249	1	1				1	Pass
sub-3204472167	PNC	-57	1	1				1	Pass
sub-3214822644	PNC	-74	1	1				1	Pass
sub-3221624404	PNC	-77	1	1				1	Pass
sub-3227202635	PNC	-134	1	1				1	Pass
sub-3245755395	PNC	-75	1	1				1	Pass
sub-3245954075	PNC	-121	1	1				1	Pass
sub-3288745244	PNC	-130	1	1				1	Pass
sub-3316130924	PNC	-97	1	1				1	Pass
sub-3323308438	PNC	-103	1	1				1	Pass
sub-3337257001	PNC	-190	1	1				1	Pass
sub-335003211	PNC	-65	1	1				1	Pass
sub-3359871584	PNC	-142	1	1				1	Pass
sub-3371160733	PNC	-63	1	1				1	Pass
sub-340803193	PNC	-291	0.5	0.75				0.625	Artifact
sub-3410508529	PNC	-116	1	1				1	Pass
sub-3438308617	PNC	-576	0.5	0.25				0.375	Artifact
sub-3439727076	PNC	-74	1	1				1	Pass
sub-3447842173	PNC	-181	0.75	1				0.875	Artifact
sub-3458965699	PNC	-96	1	1				1	Pass
sub-3468032341	PNC	-81	1	1				1	Pass
sub-3477990078	PNC	-67	1	1				1	Pass
sub-348711479	PNC	-76	1	1				1	Pass
sub-3501955380	PNC	-108	1	1				1	Pass
sub-3530244209	PNC	-117	1	1				1	Pass
sub-3538085126	PNC	-107	1	1				1	Pass
sub-3572235922	PNC	-204	1	1				1	Pass
sub-3598760125	PNC	-88	1	1				1	Pass
sub-3620165734	PNC	-114	1	1				1	Pass
sub-3653965527	PNC	-192	1	1				1	Pass
sub-3655426254	PNC	-119	1	1				1	Pass
sub-3661330789	PNC	-164	1	1				1	Pass
sub-3669543341	PNC	-143	1	1				1	Pass
sub-367320913	PNC	-265	0.5	0.5				0.5	Artifact
sub-3678218578	PNC	-73	1	1				1	Pass
sub-3704894948	PNC	-54	1	1				1	Pass
sub-3719615756	PNC	-45	1	1				1	Pass
sub-3730474103	PNC	-83	1	1				1	Pass
sub-3733544876	PNC	-47	1	1				1	Pass
sub-3743186010	PNC	-149	1	1				1	Pass
sub-3744723479	PNC	-139	1	1				1	Pass
sub-3746502009	PNC	-133	1	1				1	Pass
sub-3748226758	PNC	-150	1	1				1	Pass
sub-3778541583	PNC	-122	1	1				1	Pass
sub-3827457731	PNC	-93	1	1				1	Pass
sub-3837482902	PNC	-121	1	1				1	Pass
sub-3840308617	PNC	-69	1	0.75				0.875	Artifact
sub-3847306693	PNC	-160	1	1				1	Pass
sub-3859141450	PNC	-90	1	1				1	Pass
sub-3870273492	PNC	-67	1	1				1	Pass
sub-3874353588	PNC	-102	1	0.75				0.875	Artifact
sub-3896564969	PNC	-132	1	1				1	Pass
sub-3906186680	PNC	-194	1	1				1	Pass
sub-3915422918	PNC	-62	1	1				1	Pass
sub-3926498329	PNC	-132	1	1				1	Pass
sub-3945053428	PNC	-172	1	1				1	Pass
sub-3950621480	PNC	-110	1	1				1	Pass
sub-3957619959	PNC	-115	1	1				1	Pass
sub-3972288841	PNC	-62	1	1				1	Pass
sub-3991005721	PNC	-93	1	1				1	Pass
sub-3993637691	PNC	-139	1	1				1	Pass
sub-3996598573	PNC	-125	1	1				1	Pass
sub-4016765342	PNC	-66	1	1				1	Pass
sub-4031942322	PNC	-120	1	1				1	Pass
sub-4039829353	PNC	-115	1	1				1	Pass
sub-408967257	PNC	-86	1	1				1	Pass
sub-4136155069	PNC	-113	1	1				1	Pass
sub-4137052624	PNC	-202	1	1				1	Pass
sub-4137147732	PNC	-123	1	1				1	Pass
sub-415148142	PNC	-91	1	1				1	Pass
sub-4163093414	PNC	-125	1	1				1	Pass
sub-4167756410	PNC	-84	1	1				1	Pass
sub-4199436321	PNC	-99	1	1				1	Pass
sub-4211615439	PNC	-129	1	1				1	Pass
sub-4259136159	PNC	-102	1	1				1	Pass
sub-4269796936	PNC	-162	1	1				1	Pass
sub-4276974103	PNC	-147	1	1				1	Pass
sub-4288368085	PNC	-210	1	1				1	Pass
sub-4288775453	PNC	-87	1	1				1	Pass
sub-440314957	PNC	-103	1	1				1	Pass
sub-460925240	PNC	-125	1	1				1	Pass
sub-470135601	PNC	-96	1	1				1	Pass
sub-471903637	PNC	-92	1	1				1	Pass
sub-485017822	PNC	-59	1	1				1	Pass
sub-488302404	PNC	-67	1	1				1	Pass
sub-494764211	PNC	-81	1	1				1	Pass
sub-500214245	PNC	-139	1	1				1	Pass
sub-530789110	PNC	-135	1	1				1	Pass
sub-597625120	PNC	-84	1	1				1	Pass
sub-619635668	PNC	-233	1	1				1	Pass
sub-669437295	PNC	-76	1	1				1	Pass
sub-673480448	PNC	-94	1	1				1	Pass
sub-674306142	PNC	-126	1	1				1	Pass
sub-676758900	PNC	-145	1	1				1	Pass
sub-678139191	PNC	-305	0.25	0.5				0.375	Artifact
sub-680441334	PNC	-195	1	1				1	Pass
sub-713088600	PNC	-115	1	1				1	Pass
sub-714036765	PNC	-116	1	1				1	Pass
sub-716537879	PNC	-153	1	1				1	Pass
sub-733780371	PNC	-275	1	1				1	Pass
sub-746172812	PNC	-127	1	1				1	Pass
sub-746461855	PNC	-52	1	1				1	Pass
sub-754064811	PNC	-102	1	1				1	Pass
sub-756380264	PNC	-124	1	1				1	Pass
sub-768254884	PNC	-123	1	1				1	Pass
sub-77390767	PNC	-105	1	1				1	Pass
sub-779151395	PNC	-93	1	1				1	Pass
sub-793702653	PNC	-95	1	1				1	Pass
sub-794058926	PNC	-88	1	1				1	Pass
sub-802748205	PNC	-121	1	1				1	Pass
sub-803514179	PNC	-137	1	0.75				0.875	Artifact
sub-809074299	PNC	-85	1	1				1	Pass
sub-812909443	PNC	-107	1	1				1	Pass
sub-813520934	PNC	-88	1	1				1	Pass
sub-82699044	PNC	-91	1	1				1	Pass
sub-834809108	PNC	-53	1	1				1	Pass
sub-84407714	PNC	-104	1	1				1	Pass
sub-851427152	PNC	-178	1	1				1	Pass
sub-856706691	PNC	-97	1	1				1	Pass
sub-860165209	PNC	-95	1	1				1	Pass
sub-861649027	PNC	-92	1	1				1	Pass
sub-86226939	PNC	-138	1	1				1	Pass
sub-865678636	PNC	-89	1	1				1	Pass
sub-867458668	PNC	-91	1	1				1	Pass
sub-876444031	PNC	-73	1	1				1	Pass
sub-880296671	PNC	-160	1	1				1	Pass
sub-898340201	PNC	-100	1	1				1	Pass
sub-902534154	PNC	-101	1	1				1	Pass
sub-906347615	PNC	-128	1	1				1	Pass
sub-909152050	PNC	-118	1	1				1	Pass
sub-93800202	PNC	-148	1	1				1	Pass
sub-943724490	PNC	-112	1	1				1	Pass
sub-947782339	PNC	-72	1	1				1	Pass
sub-951581315	PNC	-154	1	1				1	Pass
sub-962036104	PNC	-104	1	1				1	Pass
sub-969649154	PNC	-146	1	1				1	Pass
sub-97005004	PNC	-170	1	1				1	Pass
sub-983504031	PNC	-85	1	1				1	Pass
sub-987544292	PNC	-101	1	1				1	Pass
sub-997818717	PNC	-89	1	1				1	Pass
sub-1000393599	PNC	-172			1	1	1	1	Pass
sub-1020132225	PNC	-100			1	1	1	1	Pass
sub-1023701836	PNC	-134			1	1	1	1	Pass
sub-1027389114	PNC	-73			1	1	1	1	Pass
sub-1037644062	PNC	-103			1	1	1	1	Pass
sub-1046353426	PNC	-81			1	1	1	1	Pass
sub-1048162151	PNC	-92			1	1	1	1	Pass
sub-1050116930	PNC	-98			1	1	1	1	Pass
sub-1084860562	PNC	-115			1	1	1	1	Pass
sub-1111014310	PNC	-89			1	1	1	1	Pass
sub-1114035056	PNC	-90			1	1	0.75	0.916666667	Artifact
sub-1134044888	PNC	-138			1	1	1	1	Pass
sub-1137996270	PNC	-411			1	0.75	0.75	0.833333333	Artifact
sub-1152449741	PNC	-56			1	1	1	1	Pass
sub-1156073272	PNC	-86			1	1	1	1	Pass
sub-1157595916	PNC	-81			1	1	0.75	0.916666667	Artifact
sub-115784129	PNC	-137			1	1	0.75	0.916666667	Artifact
sub-1161329133	PNC	-161			1	1	1	1	Pass
sub-1198356813	PNC	-114			1	1	1	1	Pass
sub-1201047966	PNC	-72			1	1	1	1	Pass
sub-1221640483	PNC	-62			1	1	1	1	Pass
sub-1222568744	PNC	-111			1	1	1	1	Pass
sub-1228855311	PNC	-115			1	1	1	1	Pass
sub-1240942354	PNC	-69			1	1	1	1	Pass
sub-1250648840	PNC	-100			1	1	1	1	Pass
sub-1280157702	PNC	-149			1	1	1	1	Pass
sub-1299713973	PNC	-127			1	1	1	1	Pass
sub-1303893979	PNC	-184			1	1	0.25	0.75	Artifact
sub-1308201745	PNC	-203			1	1	0.75	0.916666667	Artifact
sub-1310206420	PNC	-376			1	0.75	0.25	0.666666667	Artifact
sub-1336976954	PNC	-98			1	1	1	1	Pass
sub-1380078917	PNC	-51			1	1	1	1	Pass
sub-1393778620	PNC	-161			1	1	1	1	Pass
sub-1403873511	PNC	-97			1	1	1	1	Pass
sub-1412450749	PNC	-90			1	1	1	1	Pass
sub-1446259968	PNC	-107			1	1	1	1	Pass
sub-1457648056	PNC	-56			1	1	1	1	Pass
sub-1459501611	PNC	-107			1	1	1	1	Pass
sub-1469221931	PNC	-191			1	1	1	1	Pass
sub-1483500237	PNC	-96			1	1	1	1	Pass
sub-1492693407	PNC	-136			1	1	1	1	Pass
sub-1498873540	PNC	-67			1	1	1	1	Pass
sub-1506379233	PNC	-84			1	1	1	1	Pass
sub-1513930399	PNC	-154			1	1	1	1	Pass
sub-1531930180	PNC	-80			1	1	1	1	Pass
sub-1533767893	PNC	-129			1	1	0.75	0.916666667	Artifact
sub-1545837513	PNC	-122			1	1	1	1	Pass
sub-1564801354	PNC	-198			1	1	1	1	Pass
sub-1607063270	PNC	-150			1	1	1	1	Pass
sub-1615516059	PNC	-49			1	1	1	1	Pass
sub-1620557808	PNC	-128			1	1	1	1	Pass
sub-162526644	PNC	-143			1	1	1	1	Pass
sub-1631350938	PNC	-88			1	1	1	1	Pass
sub-1636587618	PNC	-190			1	1	1	1	Pass
sub-1638126951	PNC	-76			1	1	1	1	Pass
sub-1696518862	PNC	-57			1	1	1	1	Pass
sub-1710493410	PNC	-75			1	1	1	1	Pass
sub-1748232481	PNC	-102			1	1	1	1	Pass
sub-1753282419	PNC	-111			1	1	1	1	Pass
sub-1779531630	PNC	-251			1	1	1	1	Pass
sub-1818459775	PNC	-102			1	1	1	1	Pass
sub-1819013777	PNC	-107			1	1	1	1	Pass
sub-1819473619	PNC	-95			1	1	1	1	Pass
sub-1823231434	PNC	-72			1	1	1	1	Pass
sub-1826680116	PNC	-121			1	1	1	1	Pass
sub-1829488364	PNC	-88			1	1	1	1	Pass
sub-1852239521	PNC	-182			1	1	1	1	Pass
sub-1854364375	PNC	-65			1	1	1	1	Pass
sub-1867827374	PNC	-99			1	1	1	1	Pass
sub-1870893305	PNC	-61			1	1	1	1	Pass
sub-1904603550	PNC	-450			0.5	1	0	0.5	Artifact
sub-1905979097	PNC	-66			1	1	1	1	Pass
sub-1910420386	PNC	-112			1	1	1	1	Pass
sub-192039987	PNC	-602			0	0	0	0	Fail
sub-192413932	PNC	-126			1	1	1	1	Pass
sub-1942822174	PNC	-183			1	1	1	1	Pass
sub-1989985299	PNC	-87			1	1	1	1	Pass
sub-1991951207	PNC	-95			1	1	1	1	Pass
sub-2023285198	PNC	-140			1	1	1	1	Pass
sub-2026754591	PNC	-102			1	1	1	1	Pass
sub-2038321583	PNC	-311			1	0.75	0.5	0.75	Artifact
sub-2058693392	PNC	-120			1	1	1	1	Pass
sub-2085520575	PNC	-114			1	1	1	1	Pass
sub-2103228157	PNC	-169			1	1	1	1	Pass
sub-2105801105	PNC	-91			1	1	0.75	0.916666667	Artifact
sub-2112119995	PNC	-151			1	0.75	0.5	0.75	Artifact
sub-2112189288	PNC	-240			1	1	1	1	Pass
sub-2131488178	PNC	-130			1	1	1	1	Pass
sub-2133389205	PNC	-109			1	1	1	1	Pass
sub-2151592349	PNC	-146			1	1	1	1	Pass
sub-2154725318	PNC	-92			1	1	1	1	Pass
sub-2166835733	PNC	-153			1	1	1	1	Pass
sub-2167615125	PNC	-200			1	1	1	1	Pass
sub-2175676858	PNC	-120			1	1	1	1	Pass
sub-2180688285	PNC	-255			1	1	0.25	0.75	Artifact
sub-2194652555	PNC	-130			1	1	1	1	Pass
sub-2200266312	PNC	-97			1	1	1	1	Pass
sub-2202346713	PNC	-77			1	1	1	1	Pass
sub-221853583	PNC	-93			1	1	1	1	Pass
sub-2239217267	PNC	-125			1	1	1	1	Pass
sub-2248403809	PNC	-232			1	1	1	1	Pass
sub-2249335715	PNC	-93			1	1	0.75	0.916666667	Artifact
sub-2254317902	PNC	-72			1	1	0.75	0.916666667	Artifact
sub-2259039644	PNC	-164			1	1	0.75	0.916666667	Artifact
sub-2272230240	PNC	-82			1	1	1	1	Pass
sub-2289849916	PNC	-62			1	1	1	1	Pass
sub-2295699564	PNC	-52			1	1	1	1	Pass
sub-2308648032	PNC	-98			1	1	1	1	Pass
sub-2318003050	PNC	-124			1	1	1	1	Pass
sub-2318786012	PNC	-112			1	1	1	1	Pass
sub-2319274290	PNC	-137			1	1	1	1	Pass
sub-2319442352	PNC	-108			1	1	1	1	Pass
sub-2319858717	PNC	-185			1	1	1	1	Pass
sub-2323472643	PNC	-127			1	1	1	1	Pass
sub-2333531511	PNC	-91			1	1	1	1	Pass
sub-2333670705	PNC	-119			1	1	1	1	Pass
sub-2340561949	PNC	-89			1	1	1	1	Pass
sub-2351609522	PNC	-114			1	1	1	1	Pass
sub-2374556661	PNC	-132			1	1	1	1	Pass
sub-2392768937	PNC	-167			1	1	0.75	0.916666667	Artifact
sub-2397365139	PNC	-109			1	1	1	1	Pass
sub-2404507707	PNC	-205			1	0.75	0.5	0.75	Artifact
sub-2435041096	PNC	-152			1	1	1	1	Pass
sub-2437115295	PNC	-72			1	1	1	1	Pass
sub-2469426313	PNC	-94			1	1	1	1	Pass
sub-2470516380	PNC	-73			1	1	1	1	Pass
sub-248138276	PNC	-63			1	1	1	1	Pass
sub-2490635263	PNC	-47			1	1	1	1	Pass
sub-2511291760	PNC	-340			1	1	0.5	0.833333333	Artifact
sub-2533255886	PNC	-118			1	1	1	1	Pass
sub-2537779643	PNC	-99			1	1	1	1	Pass
sub-2539603725	PNC	-96			1	1	1	1	Pass
sub-2564511370	PNC	-92			1	1	1	1	Pass
sub-2588038141	PNC	-94			1	1	1	1	Pass
sub-2614145086	PNC	-55			1	1	1	1	Pass
sub-2622601913	PNC	-210			1	0.75	0.5	0.75	Artifact
sub-2625488221	PNC	-92			1	1	1	1	Pass
sub-2647545200	PNC	-86			1	1	1	1	Pass
sub-2657079253	PNC	-95			1	1	1	1	Pass
sub-265721632	PNC	-111			1	1	1	1	Pass
sub-2689188662	PNC	-102			1	1	1	1	Pass
sub-2705533334	PNC	-143			1	1	1	1	Pass
sub-2709385105	PNC	-270			1	1	0.75	0.916666667	Artifact
sub-272785799	PNC	-156			1	1	1	1	Pass
sub-2739408373	PNC	-247			1	1	1	1	Pass
sub-2742726803	PNC	-119			1	1	1	1	Pass
sub-2745152671	PNC	-58			1	1	1	1	Pass
sub-2774105134	PNC	-76			1	1	1	1	Pass
sub-2781760374	PNC	-301			0.75	1	0.25	0.666666667	Artifact
sub-2785454369	PNC	-131			1	1	1	1	Pass
sub-278814796	PNC	-59			1	1	1	1	Pass
sub-2814825506	PNC	-74			1	1	1	1	Pass
sub-2816126335	PNC	-69			1	1	1	1	Pass
sub-2818302209	PNC	-136			1	1	1	1	Pass
sub-2823833643	PNC	-111			1	1	1	1	Pass
sub-2861717830	PNC	-68			1	1	1	1	Pass
sub-287967180	PNC	-79			1	1	1	1	Pass
sub-2893679025	PNC	-71			1	1	1	1	Pass
sub-2919917027	PNC	-139			0.75	1	0.5	0.75	Artifact
sub-2933325835	PNC	-110			1	1	1	1	Pass
sub-2933490015	PNC	-153			1	1	1	1	Pass
sub-2933854864	PNC	-263			1	1	0.25	0.75	Artifact
sub-2943493898	PNC	-132			1	1	1	1	Pass
sub-2972126748	PNC	-145			1	1	0.75	0.916666667	Artifact
sub-2976850765	PNC	-113			1	1	1	1	Pass
sub-2994983988	PNC	-108			1	1	1	1	Pass
sub-3017936002	PNC	-80			1	1	1	1	Pass
sub-3035602262	PNC	-100			1	1	1	1	Pass
sub-3038035275	PNC	-121			1	1	1	1	Pass
sub-3066751024	PNC	-78			1	1	1	1	Pass
sub-309129555	PNC	-147			1	1	1	1	Pass
sub-3091757174	PNC	-80			1	1	1	1	Pass
sub-3112586807	PNC	-146			1	1	1	1	Pass
sub-3171575673	PNC	-141			1	1	1	1	Pass
sub-3172989359	PNC	-83			1	1	1	1	Pass
sub-3175244541	PNC	-85			1	1	1	1	Pass
sub-3192540230	PNC	-124			1	1	1	1	Pass
sub-3216964316	PNC	-76			1	1	1	1	Pass
sub-3218515872	PNC	-85			1	1	1	1	Pass
sub-3231527178	PNC	-180			1	1	1	1	Pass
sub-3236644272	PNC	-220			1	1	0.75	0.916666667	Artifact
sub-3239156026	PNC	-531			0	0	0	0	Fail
sub-3245338991	PNC	-195			1	1	0.75	0.916666667	Artifact
sub-3253387239	PNC	-85			1	0.75	1	0.916666667	Artifact
sub-3255836650	PNC	-103			1	1	1	1	Pass
sub-3260871738	PNC	-188			1	1	1	1	Pass
sub-3264624310	PNC	-105			1	1	1	1	Pass
sub-3266753211	PNC	-65			1	1	1	1	Pass
sub-3275217080	PNC	-138			1	1	1	1	Pass
sub-3289562482	PNC	-69			1	1	1	1	Pass
sub-32938469	PNC	-280			1	1	1	1	Pass
sub-3340851327	PNC	-122			1	1	1	1	Pass
sub-334290435	PNC	-87			1	1	1	1	Pass
sub-3343129791	PNC	-165			1	1	0.75	0.916666667	Artifact
sub-334468298	PNC	-84			1	1	1	1	Pass
sub-337120853	PNC	-93			1	1	1	1	Pass
sub-3373021317	PNC	-89			1	1	1	1	Pass
sub-3374628517	PNC	-118			1	1	1	1	Pass
sub-3392963865	PNC	-125			1	1	1	1	Pass
sub-3437461935	PNC	-106			1	1	1	1	Pass
sub-3441116881	PNC	-157			1	1	1	1	Pass
sub-3467479455	PNC	-236			0.75	1	0.25	0.666666667	Artifact
sub-3482208722	PNC	-90			1	1	1	1	Pass
sub-3495559578	PNC	-177			1	1	1	1	Pass
sub-3520758666	PNC	-66			1	1	1	1	Pass
sub-3531047767	PNC	-163			1	1	1	1	Pass
sub-3533959599	PNC	-63			1	1	1	1	Pass
sub-3535052608	PNC	-149			1	1	1	1	Pass
sub-3539567950	PNC	-101			1	1	0.75	0.916666667	Artifact
sub-3549674509	PNC	-108			1	1	1	1	Pass
sub-360338543	PNC	-99			1	1	1	1	Pass
sub-3608113928	PNC	-67			1	1	1	1	Pass
sub-3615907583	PNC	-155			1	1	1	1	Pass
sub-363441871	PNC	-64			1	1	1	1	Pass
sub-3635306093	PNC	-110			1	1	1	1	Pass
sub-3666908232	PNC	-77			1	1	1	1	Pass
sub-370053661	PNC	-67			1	1	1	1	Pass
sub-3716972371	PNC	-83			1	1	1	1	Pass
sub-3726299659	PNC	-464			0	0.75	0	0.25	Artifact
sub-37329051	PNC	-213			1	1	1	1	Pass
sub-373574366	PNC	-96			1	1	1	1	Pass
sub-3743427092	PNC	-122			1	1	1	1	Pass
sub-3762475569	PNC	-210			1	1	0.5	0.833333333	Artifact
sub-3769010696	PNC	-110			1	1	1	1	Pass
sub-3770031954	PNC	-171			1	1	1	1	Pass
sub-37835493	PNC	-63			1	1	1	1	Pass
sub-3806576780	PNC	-97			1	1	1	1	Pass
sub-3808965674	PNC	-106			1	1	0.75	0.916666667	Artifact
sub-3809027065	PNC	-322			1	1	1	1	Pass
sub-3809989470	PNC	-77			1	1	1	1	Pass
sub-3814863545	PNC	-186			1	1	1	1	Pass
sub-383103459	PNC	-101			1	1	1	1	Pass
sub-3836020010	PNC	-128			1	1	1	1	Pass
sub-3840869169	PNC	-129			1	1	1	1	Pass
sub-3851803705	PNC	-97			1	1	1	1	Pass
sub-385564988	PNC	-289			0.75	0.5	0	0.416666667	Artifact
sub-3869583798	PNC	-108			1	1	1	1	Pass
sub-3880738222	PNC	-70			1	1	1	1	Pass
sub-3882431387	PNC	-81			1	1	1	1	Pass
sub-3891584278	PNC	-141			1	1	1	1	Pass
sub-389182564	PNC	-135			1	1	1	1	Pass
sub-3917125611	PNC	-117			1	1	1	1	Pass
sub-3925151495	PNC	-73			1	1	1	1	Pass
sub-3930335526	PNC	-95			1	1	1	1	Pass
sub-396724706	PNC	-87			1	1	1	1	Pass
sub-4020664673	PNC	-75			1	1	1	1	Pass
sub-4026391232	PNC	-115			1	1	1	1	Pass
sub-4080403633	PNC	-100			1	1	1	1	Pass
sub-4083266820	PNC	-104			1	1	1	1	Pass
sub-4083814481	PNC	-152			1	1	1	1	Pass
sub-4085341874	PNC	-88			1	1	1	1	Pass
sub-4099417558	PNC	-78			1	1	1	1	Pass
sub-4099736023	PNC	-113			1	1	1	1	Pass
sub-4100540491	PNC	-143			1	1	1	1	Pass
sub-4107507507	PNC	-131			1	1	1	1	Pass
sub-4113417726	PNC	-89			1	1	1	1	Pass
sub-4118326689	PNC	-109			1	1	0.75	0.916666667	Artifact
sub-4133213633	PNC	-90			1	1	1	1	Pass
sub-4135739225	PNC	-139			1	1	1	1	Pass
sub-4164375240	PNC	-128			1	1	1	1	Pass
sub-4182146714	PNC	-116			1	0.75	1	0.916666667	Artifact
sub-4187823334	PNC	-115			1	1	1	1	Pass
sub-4190603704	PNC	-159			0.75	1	0.5	0.75	Artifact
sub-4196502261	PNC	-162			1	1	0.75	0.916666667	Artifact
sub-4197093898	PNC	-42			1	1	1	1	Pass
sub-4240185446	PNC	-70			1	1	1	1	Pass
sub-4269306166	PNC	-133			1	1	1	1	Pass
sub-4290234295	PNC	-101			1	1	1	1	Pass
sub-4292903812	PNC	-160			1	1	1	1	Pass
sub-429608771	PNC	-100			1	1	1	1	Pass
sub-438637277	PNC	-156			1	1	0.75	0.916666667	Artifact
sub-443334800	PNC	-358			0.75	1	0.5	0.75	Artifact
sub-443652258	PNC	-148			1	1	1	1	Pass
sub-467305309	PNC	-174			1	1	1	1	Pass
sub-486404664	PNC	-120			1	1	1	1	Pass
sub-490845995	PNC	-82			1	1	1	1	Pass
sub-499092343	PNC	-144			1	1	1	1	Pass
sub-51217255	PNC	-46			1	1	1	1	Pass
sub-517593246	PNC	-138			1	1	1	1	Pass
sub-527463413	PNC	-146			1	1	1	1	Pass
sub-536638696	PNC	-123			1	1	1	1	Pass
sub-562992781	PNC	-144			1	1	1	1	Pass
sub-571955453	PNC	-165			1	1	0.75	0.916666667	Artifact
sub-584328521	PNC	-74			1	1	1	1	Pass
sub-594496588	PNC	-104			1	1	1	1	Pass
sub-606185341	PNC	-118			1	1	1	1	Pass
sub-624204289	PNC	-155			1	1	1	1	Pass
sub-657998684	PNC	-216			1	1	1	1	Pass
sub-661770582	PNC	-71			1	1	1	1	Pass
sub-666666729	PNC	-175			1	1	1	1	Pass
sub-698185794	PNC	-134			1	1	1	1	Pass
sub-699288066	PNC	-133			1	1	1	1	Pass
sub-718830447	PNC	-154			1	1	1	1	Pass
sub-725744795	PNC	-73			1	1	1	1	Pass
sub-749654008	PNC	-103			1	1	1	1	Pass
sub-749926734	PNC	-76			1	1	1	1	Pass
sub-759622826	PNC	-193			1	1	0.75	0.916666667	Artifact
sub-765941980	PNC	-112			1	1	1	1	Pass
sub-818654763	PNC	-88			1	1	1	1	Pass
sub-850131294	PNC	-54			1	1	1	1	Pass
sub-863570233	PNC	-101			1	1	1	1	Pass
sub-881641391	PNC	-74			1	1	1	1	Pass
sub-890147203	PNC	-126			1	1	1	1	Pass
sub-924632425	PNC	-228			1	1	1	1	Pass
sub-940718928	PNC	-79			1	1	1	1	Pass
sub-952845911	PNC	-45			1	1	1	1	Pass
sub-956032422	PNC	-158			1	1	1	1	Pass
sub-972336786	PNC	-91			1	1	1	1	Pass
sub-974108074	PNC	-139			1	1	1	1	Pass
sub-985910486	PNC	-123			1	1	1	1	Pass
sub-986035435	PNC	-123			1	1	1	1	Pass
sub-1039936647	PNC	-123	1			1		1	Pass
sub-1046399178	PNC	-139	1			1		1	Pass
sub-107578676	PNC	-184	1			1		1	Pass
sub-1094939473	PNC	-453	0.75			0.25		0.5	Artifact
sub-1103118018	PNC	-63	1			1		1	Pass
sub-1105526680	PNC	-92	1			1		1	Pass
sub-1123556411	PNC	-123	1			1		1	Pass
sub-1125207511	PNC	-265	1			1		1	Pass
sub-11407866	PNC	-95	1			1		1	Pass
sub-1150591062	PNC	-158	1			1		1	Pass
sub-1157233457	PNC	-83	1			1		1	Pass
sub-11574123	PNC	-91	1			1		1	Pass
sub-1162141764	PNC	-63	1			1		1	Pass
sub-1163553824	PNC	-93	1			1		1	Pass
sub-119126177	PNC	-108	1			1		1	Pass
sub-1200684014	PNC	-147	1			1		1	Pass
sub-1214132906	PNC	-87	1			1		1	Pass
sub-1217141098	PNC	-72	1			1		1	Pass
sub-1235977088	PNC	-150	1			1		1	Pass
sub-1254730664	PNC	-232	1			1		1	Pass
sub-1279886614	PNC	-118	1			1		1	Pass
sub-1304389731	PNC	-155	1			1		1	Pass
sub-1313957126	PNC	-76	1			1		1	Pass
sub-1437821247	PNC	-101	1			1		1	Pass
sub-1438348583	PNC	-130	1			1		1	Pass
sub-1440643572	PNC	-139	1			1		1	Pass
sub-1452555764	PNC	-80	1			1		1	Pass
sub-1457842729	PNC	-201	1			1		1	Pass
sub-1472207263	PNC	-93	1			1		1	Pass
sub-1476023122	PNC	-54	1			1		1	Pass
sub-1477683629	PNC	-183	1			1		1	Pass
sub-1512248949	PNC	-70	1			1		1	Pass
sub-1516788178	PNC	-84	1			1		1	Pass
sub-1521763392	PNC	-82	1			1		1	Pass
sub-1536441148	PNC	-108	1			1		1	Pass
sub-154667058	PNC	-162	1			1		1	Pass
sub-1547173705	PNC	-143	1			1		1	Pass
sub-1560828340	PNC	-91	1			1		1	Pass
sub-1566869901	PNC	-82	1			1		1	Pass
sub-1570413707	PNC	-59	1			1		1	Pass
sub-1584150953	PNC	-103	1			1		1	Pass
sub-1592697722	PNC	-142	1			1		1	Pass
sub-1592786106	PNC	-192	1			1		1	Pass
sub-1604003015	PNC	-111	1			1		1	Pass
sub-1604268733	PNC	-115	1			1		1	Pass
sub-1607889954	PNC	-62	1			1		1	Pass
sub-1614363829	PNC	-122	1			1		1	Pass
sub-1638715823	PNC	-174	1			1		1	Pass
sub-1648798153	PNC	-241	1			1		1	Pass
sub-1656931768	PNC	-290	1			1		1	Pass
sub-1673549883	PNC	-164	1			1		1	Pass
sub-1679688116	PNC	-58	1			1		1	Pass
sub-1687224870	PNC	-165	1			1		1	Pass
sub-1708583305	PNC	-101	1			1		1	Pass
sub-1730541924	PNC	-166	1			1		1	Pass
sub-1735338986	PNC	-57	1			1		1	Pass
sub-1744430207	PNC	-110	1			1		1	Pass
sub-1767985023	PNC	-206	1			1		1	Pass
sub-1786758517	PNC	-164	1			1		1	Pass
sub-1795409854	PNC	-146	1			1		1	Pass
sub-1799875502	PNC	-99	1			1		1	Pass
sub-1812622069	PNC	-141	1			1		1	Pass
sub-182017409	PNC	-180	1			1		1	Pass
sub-1838464457	PNC	-79	1			1		1	Pass
sub-1841154314	PNC	-105	1			1		1	Pass
sub-1860870575	PNC	-63	1			1		1	Pass
sub-1873729948	PNC	-102	1			1		1	Pass
sub-1876155559	PNC	-118	1			1		1	Pass
sub-1887390452	PNC	-88	1			1		1	Pass
sub-1892704317	PNC	-121	1			1		1	Pass
sub-1915807892	PNC	-91	1			1		1	Pass
sub-194293030	PNC	-153	1			1		1	Pass
sub-1942988748	PNC	-127	1			1		1	Pass
sub-194324018	PNC	-73	1			1		1	Pass
sub-1944147637	PNC	-106	1			1		1	Pass
sub-1960268000	PNC	-107	1			1		1	Pass
sub-1992060521	PNC	-134	1			1		1	Pass
sub-1997401992	PNC	-170	1			1		1	Pass
sub-199809850	PNC	-101	1			1		1	Pass
sub-2000585278	PNC	-75	1			1		1	Pass
sub-200066829	PNC	-102	1			1		1	Pass
sub-2066354189	PNC	-156	1			1		1	Pass
sub-2070724014	PNC	-109	1			1		1	Pass
sub-2074860152	PNC	-66	1			1		1	Pass
sub-2093758775	PNC	-98	1			1		1	Pass
sub-210534092	PNC	-86	1			1		1	Pass
sub-2108841974	PNC	-129	1			1		1	Pass
sub-211169351	PNC	-94	1			1		1	Pass
sub-2139026534	PNC	-87	1			1		1	Pass
sub-2148378283	PNC	-112	1			1		1	Pass
sub-2152052186	PNC	-315	1			1		1	Pass
sub-2165388202	PNC	-126	1			1		1	Pass
sub-2170880573	PNC	-138	1			1		1	Pass
sub-2171168019	PNC	-68	0.75			1		0.875	Artifact
sub-2172281415	PNC	-69	1			1		1	Pass
sub-2192302358	PNC	-85	1			1		1	Pass
sub-2207352563	PNC	-534	0.25			1		0.625	Artifact
sub-2231031108	PNC	-126	1			1		1	Pass
sub-2262929710	PNC	-160	1			1		1	Pass
sub-2311595124	PNC	-131	1			1		1	Pass
sub-2322119606	PNC	-113	1			1		1	Pass
sub-2336714673	PNC	-198	1			1		1	Pass
sub-234528430	PNC	-111	1			1		1	Pass
sub-2359486867	PNC	-71	1			1		1	Pass
sub-2375649228	PNC	-328	1			1		1	Pass
sub-2398605805	PNC	-256	0.75			0.75		0.75	Artifact
sub-2402029124	PNC	-94	1			1		1	Pass
sub-2404916865	PNC	-97	1			1		1	Pass
sub-2435244873	PNC	-67	1			1		1	Pass
sub-2457761447	PNC	-74	1			1		1	Pass
sub-2461687277	PNC	-98	1			1		1	Pass
sub-248585929	PNC	-85	1			1		1	Pass
sub-2499963942	PNC	-66	1			1		1	Pass
sub-25354225	PNC	-342	1			1		1	Pass
sub-2539774514	PNC	-88	1			1		1	Pass
sub-2543780112	PNC	-97	1			1		1	Pass
sub-2544376434	PNC	-100	1			1		1	Pass
sub-2556918590	PNC	-143	1			1		1	Pass
sub-25811472	PNC	-138	1			1		1	Pass
sub-2589790495	PNC	-95	1			1		1	Pass
sub-2610067614	PNC	-102	1			1		1	Pass
sub-2613113832	PNC	-230	1			1		1	Pass
sub-261887422	PNC	-114	1			1		1	Pass
sub-2620895813	PNC	-111	1			1		1	Pass
sub-2646855369	PNC	-46	1			1		1	Pass
sub-2650375172	PNC	-95	1			1		1	Pass
sub-2654954754	PNC	-82	1			1		1	Pass
sub-2657764686	PNC	-114	1			1		1	Pass
sub-2670354621	PNC	-45	1			1		1	Pass
sub-2670840190	PNC	-154	1			1		1	Pass
sub-2675079707	PNC	-100	1			1		1	Pass
sub-2680509132	PNC	-64	1			1		1	Pass
sub-2691116331	PNC	-130	1			1		1	Pass
sub-2696622128	PNC	-119	1			1		1	Pass
sub-2706712860	PNC	-97	1			1		1	Pass
sub-2721211800	PNC	-125	1			1		1	Pass
sub-2723385487	PNC	-386	0.75			1		0.875	Artifact
sub-272468530	PNC	-707	0.75			0.75		0.75	Artifact
sub-2726208310	PNC	-114	1			1		1	Pass
sub-2734016600	PNC	-61	1			1		1	Pass
sub-2748843731	PNC	-160	1			1		1	Pass
sub-2755175939	PNC	-304	1			1		1	Pass
sub-2758762405	PNC	-111	1			1		1	Pass
sub-276761217	PNC	-70	1			1		1	Pass
sub-27876862	PNC	-89	1			1		1	Pass
sub-2791148092	PNC	-92	1			1		1	Pass
sub-2804514247	PNC	-81	1			1		1	Pass
sub-2840008346	PNC	-103	1			1		1	Pass
sub-2864018454	PNC	-122	1			1		1	Pass
sub-2884386695	PNC	-65	1			1		1	Pass
sub-2894537898	PNC	-115	1			1		1	Pass
sub-2895974122	PNC	-112	1			1		1	Pass
sub-2951167051	PNC	-115	1			1		1	Pass
sub-2979786632	PNC	-73	1			1		1	Pass
sub-2982184070	PNC	-137	1			1		1	Pass
sub-2988053796	PNC	-67	1			1		1	Pass
sub-3010354631	PNC	-157	1			1		1	Pass
sub-3032863642	PNC	-75	1			1		1	Pass
sub-3059148008	PNC	-131	1			1		1	Pass
sub-3062402909	PNC	-104	1			1		1	Pass
sub-307804547	PNC	-161	1			1		1	Pass
sub-3090132303	PNC	-137	1			1		1	Pass
sub-3091738725	PNC	-100	1			1		1	Pass
sub-3100094802	PNC	-133	1			1		1	Pass
sub-3104080596	PNC	-69	1			1		1	Pass
sub-3131141015	PNC	-91	1			1		1	Pass
sub-31361606	PNC	-107	1			1		1	Pass
sub-3190586154	PNC	-106	1			1		1	Pass
sub-3194463561	PNC	-81	1			1		1	Pass
sub-320127697	PNC	-222	1			1		1	Pass
sub-3212763876	PNC	-95	1			1		1	Pass
sub-3234328642	PNC	-79	1			1		1	Pass
sub-3241674953	PNC	-173	1			1		1	Pass
sub-3264978932	PNC	-121	1			1		1	Pass
sub-3271604994	PNC	-188	1			1		1	Pass
sub-3293621097	PNC	-204	1			1		1	Pass
sub-3338094212	PNC	-119	1			1		1	Pass
sub-3346107281	PNC	-78	1			1		1	Pass
sub-3354511550	PNC	-100	1			1		1	Pass
sub-3357695482	PNC	-56	1			1		1	Pass
sub-336426329	PNC	-112	1			1		1	Pass
sub-3376877661	PNC	-72	1			1		1	Pass
sub-3392035756	PNC	-49	1			1		1	Pass
sub-3410573615	PNC	-73	1			1		1	Pass
sub-342333582	PNC	-108	1			1		1	Pass
sub-3443753647	PNC	-147	1			1		1	Pass
sub-3445216767	PNC	-85	1			1		1	Pass
sub-3463353736	PNC	-55	1			1		1	Pass
sub-3470445476	PNC	-154	1			1		1	Pass
sub-3474496151	PNC	-97	1			1		1	Pass
sub-3498010347	PNC	-134	1			1		1	Pass
sub-3498378981	PNC	-99	1			1		1	Pass
sub-349934174	PNC	-78	1			1		1	Pass
sub-3511384247	PNC	-83	1			1		1	Pass
sub-3511452762	PNC	-177	1			1		1	Pass
sub-3516454823	PNC	-88	1			1		1	Pass
sub-352505908	PNC	-47	1			1		1	Pass
sub-3544869608	PNC	-95	1			1		1	Pass
sub-3549161979	PNC	-69	1			1		1	Pass
sub-355612286	PNC	-77	1			1		1	Pass
sub-3561979823	PNC	-156	1			1		1	Pass
sub-3565014343	PNC	-115	1			1		1	Pass
sub-3601751755	PNC	-67	1			1		1	Pass
sub-360427065	PNC	-90	1			1		1	Pass
sub-3607981599	PNC	-110	1			1		1	Pass
sub-3614947229	PNC	-89	1			1		1	Pass
sub-361728233	PNC	-120	1			1		1	Pass
sub-3625162682	PNC	-149	1			1		1	Pass
sub-3644730316	PNC	-123	1			1		1	Pass
sub-3670726676	PNC	-65	1			1		1	Pass
sub-3675945478	PNC	-282	1			1		1	Pass
sub-3683182920	PNC	-93	1			1		1	Pass
sub-3685268115	PNC	-101	1			1		1	Pass
sub-3692156343	PNC	-90	1			1		1	Pass
sub-3694822252	PNC	-131	1			1		1	Pass
sub-3704095570	PNC	-74	1			1		1	Pass
sub-3711850368	PNC	-152	1			1		1	Pass
sub-3724047858	PNC	-96	1			1		1	Pass
sub-3724155829	PNC	-72	1			1		1	Pass
sub-3731824395	PNC	-153	1			1		1	Pass
sub-3744667754	PNC	-89	1			1		1	Pass
sub-375434957	PNC	-195	1			1		1	Pass
sub-375475352	PNC	-144	1			1		1	Pass
sub-3756388677	PNC	-132	1			1		1	Pass
sub-3763213896	PNC	-140	1			1		1	Pass
sub-3777345255	PNC	-80	1			1		1	Pass
sub-3778234840	PNC	-140	1			1		1	Pass
sub-3810009389	PNC	-88	1			1		1	Pass
sub-3818082974	PNC	-182	1			1		1	Pass
sub-3829047511	PNC	-96	1			1		1	Pass
sub-3846816171	PNC	-77	1			1		1	Pass
sub-3880233477	PNC	-190	1			1		1	Pass
sub-3901605230	PNC	-185	1			1		1	Pass
sub-3902996821	PNC	-76	1			1		1	Pass
sub-3917203499	PNC	-469	0.5			0.5		0.5	Artifact
sub-3920704580	PNC	-138	1			1		1	Pass
sub-3921457149	PNC	-143	1			1		1	Pass
sub-3925705705	PNC	-102	1			1		1	Pass
sub-3931419723	PNC	-96	1			1		1	Pass
sub-3970800099	PNC	-188	1			1		1	Pass
sub-401879401	PNC	-123	1			1		1	Pass
sub-4026910516	PNC	-116	1			1		1	Pass
sub-4061437282	PNC	-146	1			1		1	Pass
sub-4063155703	PNC	-124	1			1		1	Pass
sub-4067048825	PNC	-132	1			1		1	Pass
sub-4069098061	PNC	-119	1			1		1	Pass
sub-4093108110	PNC	-84	1			1		1	Pass
sub-4093356685	PNC	-87	1			1		1	Pass
sub-4095893651	PNC	-149	1			1		1	Pass
sub-4106746357	PNC	-124	1			1		1	Pass
sub-4108002155	PNC	-113	1			1		1	Pass
sub-4160147836	PNC	-71	1			1		1	Pass
sub-417075525	PNC	-76	1			1		1	Pass
sub-4172321775	PNC	-152	1			1		1	Pass
sub-4174857942	PNC	-90	1			1		1	Pass
sub-419535935	PNC	-90	1			1		1	Pass
sub-4208420410	PNC	-248	1			1		1	Pass
sub-420900014	PNC	-145	1			1		1	Pass
sub-4215014897	PNC	-104	1			1		1	Pass
sub-4231164226	PNC	-125	1			1		1	Pass
sub-4242587695	PNC	-98	1			1		1	Pass
sub-4250731906	PNC	-52	1			1		1	Pass
sub-4284483827	PNC	-42	1			1		1	Pass
sub-4285301913	PNC	-127	1			1		1	Pass
sub-4285804772	PNC	-252	1			1		1	Pass
sub-4286784089	PNC	-62	1			1		1	Pass
sub-443632695	PNC	-108	1			1		1	Pass
sub-447775004	PNC	-56	1			1		1	Pass
sub-471230479	PNC	-109	1			1		1	Pass
sub-473767958	PNC	-214	1			0.5		0.75	Artifact
sub-498628252	PNC	-168	1			1		1	Pass
sub-507224785	PNC	-111	1			0.75		0.875	Artifact
sub-52306425	PNC	-72	1			1		1	Pass
sub-523278137	PNC	-129	1			1		1	Pass
sub-533823633	PNC	-135	1			1		1	Pass
sub-550810566	PNC	-120	1			1		1	Pass
sub-55710183	PNC	-109	1			1		1	Pass
sub-56162563	PNC	-77	1			1		1	Pass
sub-566745642	PNC	-92	1			1		1	Pass
sub-585579170	PNC	-73	1			1		1	Pass
sub-609583468	PNC	-108	1			1		1	Pass
sub-612700286	PNC	-51	1			1		1	Pass
sub-618085604	PNC	-171	1			1		1	Pass
sub-619623685	PNC	-145	1			1		1	Pass
sub-624076698	PNC	-74	1			1		1	Pass
sub-629271662	PNC	-121	1			1		1	Pass
sub-65198031	PNC	-86	1			1		1	Pass
sub-677581716	PNC	-155	1			1		1	Pass
sub-696727241	PNC	-103	1			1		1	Pass
sub-699682516	PNC	-136	1			1		1	Pass
sub-741738961	PNC	-193	1			1		1	Pass
sub-754671892	PNC	-80	1			1		1	Pass
sub-765502775	PNC	-128	1			1		1	Pass
sub-766617571	PNC	-136	1			1		1	Pass
sub-771616981	PNC	-428	1			0.75		0.875	Artifact
sub-782651188	PNC	-99	1			1		1	Pass
sub-80982198	PNC	-151	1			1		1	Pass
sub-823277717	PNC	-271	1			1		1	Pass
sub-831081379	PNC	-210	1			1		1	Pass
sub-831211165	PNC	-133	1			1		1	Pass
sub-872953625	PNC	-217	1			1		1	Pass
sub-905292781	PNC	-117	1			1		1	Pass
sub-915920148	PNC	-361	1			1		1	Pass
sub-924815264	PNC	-101	1			1		1	Pass
sub-926616751	PNC	-148	1			1		1	Pass
sub-970890500	PNC	-211	1			1		1	Pass
sub-975856179	PNC	-176	1			1		1	Pass
sub-978316517	PNC	-163	1			1		1	Pass
sub-984757368	PNC	-238	1			1		1	Pass
sub-993394555	PNC	-76	1			1		1	Pass
sub-1001970838	PNC	-63		1	1		1	1	Pass
sub-1025031408	PNC	-134		1	1		1	1	Pass
sub-103652366	PNC	-154		1	1		1	1	Pass
sub-1060668554	PNC	-124		1	1		1	1	Pass
sub-1081366850	PNC	-144		1	1		1	1	Pass
sub-108828000	PNC	-92		1	1		1	1	Pass
sub-1091857727	PNC	-104		1	1		1	1	Pass
sub-1097398405	PNC	-530		0.5	0.25		0	0.25	Artifact
sub-1101490424	PNC	-123		1	1		1	1	Pass
sub-1110356321	PNC	-128		1	1		1	1	Pass
sub-1113295648	PNC	-139		1	1		1	1	Pass
sub-1120459625	PNC	-61		1	1		1	1	Pass
sub-113335479	PNC	-195		1	1		1	1	Pass
sub-1139941451	PNC	-88		1	1		1	1	Pass
sub-1150278162	PNC	-67		1	1		1	1	Pass
sub-1168021938	PNC	-84		1	1		1	1	Pass
sub-1170788175	PNC	-90		1	1		1	1	Pass
sub-1184389633	PNC	-153		1	1		1	1	Pass
sub-1185574887	PNC	-95		1	1		1	1	Pass
sub-1207361199	PNC	-135		1	1		1	1	Pass
sub-1216701855	PNC	-132		1	1		1	1	Pass
sub-1296243384	PNC	-77		1	1		1	1	Pass
sub-1299596535	PNC	-85		1	1		1	1	Pass
sub-130118047	PNC	-100		1	1		1	1	Pass
sub-1303822344	PNC	-145		1	1		1	1	Pass
sub-1307181116	PNC	-71		1	1		1	1	Pass
sub-1310346718	PNC	-120		1	1		1	1	Pass
sub-131655018	PNC	-111		1	1		1	1	Pass
sub-1337936015	PNC	-109		1	1		1	1	Pass
sub-1340072536	PNC	-153		1	1		1	1	Pass
sub-1344101127	PNC	-65		1	1		1	1	Pass
sub-1346910582	PNC	-154		1	1		1	1	Pass
sub-1348459455	PNC	-116		1	1		1	1	Pass
sub-1357417369	PNC	-87		1	1		1	1	Pass
sub-1378634377	PNC	-126		1	1		1	1	Pass
sub-1381671196	PNC	-98		1	1		1	1	Pass
sub-1417920839	PNC	-76		1	1		1	1	Pass
sub-1433666289	PNC	-300		0.75	1		0.75	0.833333333	Artifact
sub-1447464089	PNC	-73		1	1		1	1	Pass
sub-1448457386	PNC	-182		1	1		1	1	Pass
sub-1453143940	PNC	-159		1	1		1	1	Pass
sub-1484543503	PNC	-91		1	1		1	1	Pass
sub-1496827612	PNC	-85		1	1		1	1	Pass
sub-1526154632	PNC	-40		1	1		1	1	Pass
sub-1572161461	PNC	-81		1	1		1	1	Pass
sub-1586254402	PNC	-107		1	1		1	1	Pass
sub-1590131354	PNC	-47		1	1		1	1	Pass
sub-1602583606	PNC	-141		1	1		1	1	Pass
sub-1605617010	PNC	-97		1	1		1	1	Pass
sub-1621617031	PNC	-213		1	1		1	1	Pass
sub-163259093	PNC	-57		1	1		1	1	Pass
sub-1636295669	PNC	-139		1	1		1	1	Pass
sub-1637723952	PNC	-114		1	1		1	1	Pass
sub-1643083161	PNC	-83		1	1		1	1	Pass
sub-1643725238	PNC	-58		1	1		1	1	Pass
sub-16684978	PNC	-95		1	1		1	1	Pass
sub-1671345251	PNC	-76		1	1		1	1	Pass
sub-1678076849	PNC	-307		0.5	0.75		0.75	0.666666667	Artifact
sub-1682850665	PNC	-153		1	1		1	1	Pass
sub-1686389288	PNC	-62		1	1		1	1	Pass
sub-1697816442	PNC	-102		1	1		1	1	Pass
sub-1724567179	PNC	-77		1	1		1	1	Pass
sub-1736791488	PNC	-227		0.75	1		1	0.916666667	Artifact
sub-1738235220	PNC	-183		1	1		0.75	0.916666667	Artifact
sub-1742732745	PNC	-288		0.75	1		0.5	0.75	Artifact
sub-1752698697	PNC	-109		1	1		1	1	Pass
sub-1761473096	PNC	-127		1	1		1	1	Pass
sub-1761492502	PNC	-80		1	1		1	1	Pass
sub-1762027912	PNC	-54		1	1		1	1	Pass
sub-1786969075	PNC	-165		1	1		1	1	Pass
sub-1789695979	PNC	-107		1	1		1	1	Pass
sub-1804076739	PNC	-93		1	1		1	1	Pass
sub-1827965364	PNC	-99		1	1		1	1	Pass
sub-1829191843	PNC	-156		1	1		1	1	Pass
sub-1833416906	PNC	-83		1	1		1	1	Pass
sub-1860819350	PNC	-110		1	1		1	1	Pass
sub-1877783147	PNC	-81		1	1		1	1	Pass
sub-1901910719	PNC	-95		1	1		1	1	Pass
sub-1908959165	PNC	-100		1	1		1	1	Pass
sub-192271174	PNC	-131		1	1		1	1	Pass
sub-1924109233	PNC	-67		1	1		1	1	Pass
sub-1924149526	PNC	-142		1	1		1	1	Pass
sub-195168692	PNC	-197		1	1		1	1	Pass
sub-1963601913	PNC	-123		1	1		1	1	Pass
sub-1965701522	PNC	-243		1	1		1	1	Pass
sub-1996891106	PNC	-596		0	0		0	0	Fail
sub-2017765808	PNC	-160		1	1		1	1	Pass
sub-2037552598	PNC	-139		1	1		1	1	Pass
sub-2041229468	PNC	-65		1	1		1	1	Pass
sub-20489_ses-1	PNC	-88		1	1		1	1	Pass
sub-2100052286	PNC	-74		1	1		1	1	Pass
sub-2112415953	PNC	-73		1	1		1	1	Pass
sub-2117857991	PNC	-446		0.5	1		0.5	0.666666667	Artifact
sub-2129564650	PNC	-130		1	1		1	1	Pass
sub-2134697000	PNC	-79		1	1		1	1	Pass
sub-2161418201	PNC	-106		1	1		1	1	Pass
sub-2180081033	PNC	-78		1	1		1	1	Pass
sub-2235019065	PNC	-76		1	1		1	1	Pass
sub-2242628840	PNC	-210		1	1		1	1	Pass
sub-2247752771	PNC	-236		1	1		1	1	Pass
sub-2253200176	PNC	-94		1	1		1	1	Pass
sub-2269734277	PNC	-269		1	1		1	1	Pass
sub-2280234873	PNC	-72		1	1		1	1	Pass
sub-2299321259	PNC	-118		1	1		1	1	Pass
sub-232853819	PNC	-67		1	1		1	1	Pass
sub-233205461	PNC	-102		1	1		1	1	Pass
sub-2347753317	PNC	-406		0.25	0		0.75	0.333333333	Artifact
sub-2365721251	PNC	-158		1	1		1	1	Pass
sub-2385983560	PNC	-112		0.75	1		1	0.916666667	Artifact
sub-2404418579	PNC	-108		1	1		1	1	Pass
sub-2412716526	PNC	-48		1	1		1	1	Pass
sub-2422503990	PNC	-157		1	1		1	1	Pass
sub-2441231201	PNC	-82		1	1		1	1	Pass
sub-2446607895	PNC	-86		1	1		1	1	Pass
sub-2498589740	PNC	-149		1	1		1	1	Pass
sub-2518846638	PNC	-170		1	1		1	1	Pass
sub-2529143538	PNC	-73		1	1		1	1	Pass
sub-253771324	PNC	-179		1	1		1	1	Pass
sub-2625914260	PNC	-203		1	1		1	1	Pass
sub-2639722173	PNC	-98		1	1		1	1	Pass
sub-2645905397	PNC	-77		1	1		1	1	Pass
sub-2658232795	PNC	-90		1	1		1	1	Pass
sub-2675724304	PNC	-82		1	1		1	1	Pass
sub-2711538206	PNC	-79		1	1		1	1	Pass
sub-2715820110	PNC	-93		1	1		1	1	Pass
sub-2720014197	PNC	-84		1	1		1	1	Pass
sub-2726043986	PNC	-255		1	1		1	1	Pass
sub-2729807028	PNC	-99		1	1		1	1	Pass
sub-273547252	PNC	-122		1	1		1	1	Pass
sub-2740569399	PNC	-100		1	1		1	1	Pass
sub-2753998487	PNC	-107		1	1		1	1	Pass
sub-2766838213	PNC	-278		1	1		1	1	Pass
sub-277233792	PNC	-117		1	1		1	1	Pass
sub-277985884	PNC	-262		0.75	1		1	0.916666667	Artifact
sub-2795844072	PNC	-66		1	1		1	1	Pass
sub-2808974219	PNC	-190		1	1		1	1	Pass
sub-281446151	PNC	-104		1	1		1	1	Pass
sub-2819146349	PNC	-97		1	1		1	1	Pass
sub-2832458131	PNC	-92		1	1		1	1	Pass
sub-283366029	PNC	-90		0.75	1		1	0.916666667	Artifact
sub-2851612661	PNC	-125		1	1		1	1	Pass
sub-2871739930	PNC	-120		1	1		1	1	Pass
sub-2880229752	PNC	-100		1	1		1	1	Pass
sub-2886590951	PNC	-143		1	1		1	1	Pass
sub-2897082725	PNC	-125		1	1		1	1	Pass
sub-2901356997	PNC	-115		1	1		1	1	Pass
sub-2906198493	PNC	-108		1	1		1	1	Pass
sub-2918766267	PNC	-345		1	1		1	1	Pass
sub-2925300630	PNC	-91		1	1		1	1	Pass
sub-292969238	PNC	-111		1	1		1	1	Pass
sub-2932582600	PNC	-82		1	1		1	1	Pass
sub-2935256495	PNC	-163		1	1		1	1	Pass
sub-2967570405	PNC	-89		1	1		1	1	Pass
sub-2981829638	PNC	-92		1	1		1	1	Pass
sub-3022646611	PNC	-86		1	1		1	1	Pass
sub-3052691308	PNC	-167		1	1		1	1	Pass
sub-3060404940	PNC	-460		0	0.25		0	0.083333333	Artifact
sub-308228517	PNC	-52		1	1		1	1	Pass
sub-310631091	PNC	-64		1	1		1	1	Pass
sub-3123429468	PNC	-54		1	1		1	1	Pass
sub-3128815857	PNC	-100		1	1		1	1	Pass
sub-3133368442	PNC	-215		1	1		1	1	Pass
sub-3165713481	PNC	-192		1	1		1	1	Pass
sub-3176046588	PNC	-146		1	1		1	1	Pass
sub-3185151244	PNC	-121		1	1		1	1	Pass
sub-3209198339	PNC	-123		1	1		1	1	Pass
sub-3219790231	PNC	-120		1	1		1	1	Pass
sub-3234489701	PNC	-56		1	1		1	1	Pass
sub-3235320003	PNC	-250		1	1		1	1	Pass
sub-3236504015	PNC	-110		1	1		1	1	Pass
sub-3250922962	PNC	-152		1	1		1	1	Pass
sub-3260960488	PNC	-138		1	1		1	1	Pass
sub-326891280	PNC	-115		1	1		1	1	Pass
sub-3277181789	PNC	-156		1	1		1	1	Pass
sub-3279245901	PNC	-374		0.5	1		1	0.833333333	Artifact
sub-3290096905	PNC	-89		1	1		1	1	Pass
sub-3297348664	PNC	-62		1	1		1	1	Pass
sub-3298815936	PNC	-133		1	1		1	1	Pass
sub-3317140614	PNC	-51		1	1		1	1	Pass
sub-3319985890	PNC	-133		1	1		1	1	Pass
sub-3332328549	PNC	-63		1	1		1	1	Pass
sub-3340124957	PNC	-149		1	1		1	1	Pass
sub-3342182273	PNC	-68		1	1		1	1	Pass
sub-3345297865	PNC	-95		1	1		1	1	Pass
sub-335104664	PNC	-97		1	1		0.75	0.916666667	Artifact
sub-3351164964	PNC	-70		1	1		1	1	Pass
sub-3373396339	PNC	-205		1	1		1	1	Pass
sub-3377759088	PNC	-321		1	1		1	1	Pass
sub-3386202055	PNC	-65		1	1		1	1	Pass
sub-3419043004	PNC	-146		1	1		1	1	Pass
sub-3428149887	PNC	-97		1	1		1	1	Pass
sub-3445089839	PNC	-177		0.75	1		0.75	0.833333333	Artifact
sub-344766746	PNC	-184		0.75	1		1	0.916666667	Artifact
sub-3450122487	PNC	-161		1	1		1	1	Pass
sub-3452453842	PNC	-74		1	1		1	1	Pass
sub-3459140306	PNC	-164		1	1		1	1	Pass
sub-3470362520	PNC	-75		1	1		1	1	Pass
sub-3474248854	PNC	-151		1	1		1	1	Pass
sub-3481634232	PNC	-150		1	1		1	1	Pass
sub-348742929	PNC	-88		1	1		1	1	Pass
sub-3506926170	PNC	-103		1	1		1	1	Pass
sub-351109165	PNC	-128		1	1		1	1	Pass
sub-3512003246	PNC	-46		1	1		1	1	Pass
sub-3524638841	PNC	-127		1	1		1	1	Pass
sub-3533807592	PNC	-102		1	1		1	1	Pass
sub-3535898260	PNC	-102		1	1		1	1	Pass
sub-3539717209	PNC	-108		1	1		1	1	Pass
sub-3548675539	PNC	-80		1	1		1	1	Pass
sub-3552163094	PNC	-118		1	1		1	1	Pass
sub-3566300931	PNC	-78		1	1		1	1	Pass
sub-3573560794	PNC	-172		1	1		1	1	Pass
sub-360459346	PNC	-79		1	1		1	1	Pass
sub-3604691191	PNC	-209		1	1		1	1	Pass
sub-3605497536	PNC	-231		1	1		1	1	Pass
sub-3606976091	PNC	-90		1	1		0.75	0.916666667	Artifact
sub-361460013	PNC	-95		1	1		1	1	Pass
sub-362293270	PNC	-137		1	1		1	1	Pass
sub-3670092995	PNC	-72		1	1		1	1	Pass
sub-36895554	PNC	-155		1	1		1	1	Pass
sub-3696718394	PNC	-124		1	1		1	1	Pass
sub-3712060241	PNC	-136		1	1		1	1	Pass
sub-3722539437	PNC	-135		0.5	1		0.5	0.666666667	Artifact
sub-3726776317	PNC	-119		1	1		1	1	Pass
sub-3733778000	PNC	-151		1	1		1	1	Pass
sub-3744541693	PNC	-89		1	1		1	1	Pass
sub-3745413288	PNC	-130		1	1		1	1	Pass
sub-377178190	PNC	-73		1	1		1	1	Pass
sub-3782270648	PNC	-175		1	1		1	1	Pass
sub-379170502	PNC	-96		1	1		1	1	Pass
sub-3793444603	PNC	-191		0.25	0		0.25	0.166666667	Artifact
sub-3807715038	PNC	-80		1	1		1	1	Pass
sub-3815131512	PNC	-111		1	1		1	1	Pass
sub-3818720350	PNC	-128		1	1		1	1	Pass
sub-3830031504	PNC	-94		1	1		1	1	Pass
sub-3856077977	PNC	-144		1	1		1	1	Pass
sub-3866325191	PNC	-111		1	1		1	1	Pass
sub-3867430894	PNC	-220		0.75	1		1	0.916666667	Artifact
sub-3870295870	PNC	-168		1	1		1	1	Pass
sub-388650152	PNC	-121		1	1		1	1	Pass
sub-3888585994	PNC	-186		1	1		1	1	Pass
sub-3892575145	PNC	-86		1	1		1	1	Pass
sub-3917353122	PNC	-56		1	1		1	1	Pass
sub-392818846	PNC	-143		1	1		1	1	Pass
sub-3978744570	PNC	-115		1	1		1	1	Pass
sub-398131152	PNC	-108		1	1		1	1	Pass
sub-3982145425	PNC	-98		1	1		1	1	Pass
sub-3984163767	PNC	-188		1	1		1	1	Pass
sub-402523989	PNC	-69		1	1		1	1	Pass
sub-402577805	PNC	-137		1	1		1	1	Pass
sub-4033561173	PNC	-112		1	1		1	1	Pass
sub-4060589852	PNC	-105		0.75	1		1	0.916666667	Artifact
sub-409133707	PNC	-114		1	1		1	1	Pass
sub-4117238293	PNC	-161		1	1		1	1	Pass
sub-4122649464	PNC	-240		1	1		1	1	Pass
sub-4177765106	PNC	-59		1	1		1	1	Pass
sub-4193918219	PNC	-148		1	1		1	1	Pass
sub-4196310650	PNC	-185		1	1		1	1	Pass
sub-4198853043	PNC	-117		1	1		1	1	Pass
sub-4232585168	PNC	-91		1	1		1	1	Pass
sub-4238772277	PNC	-114		1	1		1	1	Pass
sub-433029449	PNC	-101		1	1		1	1	Pass
sub-443900734	PNC	-96		1	1		1	1	Pass
sub-447184381	PNC	-101		1	1		1	1	Pass
sub-448304956	PNC	-111		1	1		1	1	Pass
sub-458296344	PNC	-92		1	1		1	1	Pass
sub-476252579	PNC	-113		0.75	1		1	0.916666667	Artifact
sub-482239832	PNC	-93		1	1		1	1	Pass
sub-496203414	PNC	-103		1	1		1	1	Pass
sub-520579518	PNC	-108		1	1		1	1	Pass
sub-524958008	PNC	-70		1	1		1	1	Pass
sub-526023406	PNC	-45		1	1		1	1	Pass
sub-52835891	PNC	-101		1	1		1	1	Pass
sub-568769650	PNC	-164		0.75	1		0.75	0.833333333	Artifact
sub-579459470	PNC	-71		1	1		1	1	Pass
sub-579934409	PNC	-131		1	1		1	1	Pass
sub-595113616	PNC	-337		0.5	0.75		0	0.416666667	Artifact
sub-60021964	PNC	-119		1	1		1	1	Pass
sub-620265516	PNC	-138		1	1		1	1	Pass
sub-631348709	PNC	-109		1	1		1	1	Pass
sub-634597131	PNC	-138		1	1		1	1	Pass
sub-646981992	PNC	-62		1	1		1	1	Pass
sub-661364701	PNC	-74		1	1		1	1	Pass
sub-661613686	PNC	-131		1	1		1	1	Pass
sub-681935372	PNC	-126		1	1		1	1	Pass
sub-688334597	PNC	-129		1	1		1	1	Pass
sub-708998859	PNC	-71		1	1		1	1	Pass
sub-731048453	PNC	-140		1	1		1	1	Pass
sub-734794291	PNC	-99		1	1		1	1	Pass
sub-736568905	PNC	-141		1	1		1	1	Pass
sub-74920331	PNC	-88		1	1		1	1	Pass
sub-764315034	PNC	-173		1	1		1	1	Pass
sub-782547571	PNC	-76		1	1		1	1	Pass
sub-787911250	PNC	-87		1	1		1	1	Pass
sub-78982423	PNC	-72		1	1		1	1	Pass
sub-808262395	PNC	-200		1	0.75		0.5	0.75	Artifact
sub-808687263	PNC	-113		1	1		1	1	Pass
sub-826824711	PNC	-69		1	1		1	1	Pass
sub-835001493	PNC	-129		1	1		1	1	Pass
sub-8454119	PNC	-145		1	1		1	1	Pass
sub-845422206	PNC	-89		1	1		1	1	Pass
sub-860920010	PNC	-121		1	1		1	1	Pass
sub-865069950	PNC	-115		1	1		1	1	Pass
sub-908607262	PNC	-104		1	1		1	1	Pass
sub-915599319	PNC	-69		1	1		1	1	Pass
sub-919679140	PNC	-147		1	1		1	1	Pass
sub-920823026	PNC	-162		1	1		1	1	Pass
sub-941151156	PNC	-101		1	1		1	1	Pass
sub-950661655	PNC	-134		1	1		1	1	Pass
sub-965145125	PNC	-103		1	1		1	1	Pass
sub-977404127	PNC	-74		1	1		1	1	Pass
sub-982522394	PNC	-122		1	1		1	1	Pass